Edad (grupos quinquenales);Espa�oles/Extranjeros;Sexo;A�o;Total
95-99 a�os;Extranjeros;Hombres;2022;380
95-99 a�os;Espa�oles;Hombres;2022;28.816
90-94 a�os;Extranjeros;Hombres;2022;2.213
90-94 a�os;Espa�oles;Hombres;2022;141.109
85-89 a�os;Extranjeros;Hombres;2022;7.537
85-89 a�os;Espa�oles;Hombres;2022;357.503
80-84 a�os;;Hombres;2022;19.500
80-84 a�os;Espa�oles;Hombres;2022;495.250
75-79 a�os;Extranjeros;Hombres;2022;36.034
75-79 a�os;Espa�oles;Hombres;2022;778.247
70-74 a�os;Extranjeros;Hombres;2022;54.644
70-74 a�os;Espa�oles;Hombres;2022;974.159
65-69 a�os;Extranjeros;Hombres;2022;73.792
65-69 a�os;Espa�oles;Hombres;2022;1.138.110
60-64 a�os;Extranjeros;Hombres;2022;100.219
60-64 a�os;Espa�oles;Hombres;2022;1.396.663
5-9 a�os;Extranjeros;Hombres;2022;139.323
5-9 a�os;Espa�oles;Hombres;2022;1.011.052
55-59 a�os;Extranjeros;Hombres;2022;140.299
55-59 a�os;Espa�oles;Hombres;2022;1.579.570
50-54 a�os;Extranjeros;Hombres;2022;199.596
50-54 a�os;Espa�oles;Hombres;2022;1.670.087
45-49 a�os;Extranjeros;Hombres;2022;259.997
45-49 a�os;Espa�oles;Hombres;2022;1.759.610
40-44 a�os;Extranjeros;Hombres;2022;312.605
40-44 a�os;Espa�oles;Hombres;2022;1.611.191
35-39 a�os;Extranjeros;Hombres;2022;302.522
35-39 a�os;Espa�oles;Hombres;2022;1.261.318
30-34 a�os;Extranjeros;Hombres;2022;289.637
30-34 a�os;Espa�oles;Hombres;2022;1.094.383
25-29 a�os;Extranjeros;Hombres;2022;254.488
25-29 a�os;Espa�oles;Hombres;2022;1.028.632
20-24 a�os;Extranjeros;Hombres;2022;192.553
20-24 a�os;Espa�oles;Hombres;2022;1.050.311
15-19 a�os;Extranjeros;Hombres;2022;132.558
15-19 a�os;Espa�oles;Hombres;2022;1.141.393
10-14 a�os;Extranjeros;Hombres;2022;128.069
10-14 a�os;Espa�oles;Hombres;2022;1.167.943
100 a�os y m�s;Extranjeros;Hombres;2022;48
100 a�os y m�s;Espa�oles;Hombres;2022;4.334
0-4 a�os;Extranjeros;Hombres;2022;132.200
0-4 a�os;Espa�oles;Hombres;2022;797.486
95-99 a�os;Extranjeros;Mujeres;2022;899
95-99 a�os;Espa�oles;Mujeres;2022;89.163
90-94 a�os;Extranjeros;Mujeres;2022;3.584
90-94 a�os;Espa�oles;Mujeres;2022;317.349
85-89 a�os;Extranjeros;Mujeres;2022;9.529
85-89 a�os;Espa�oles;Mujeres;2022;629.976
80-84 a�os;Extranjeros;Mujeres;2022;21.636
80-84 a�os;Espa�oles;Mujeres;2022;720.400
75-79 a�os;Extranjeros;Mujeres;2022;39.403
75-79 a�os;Espa�oles;Mujeres;2022;987.215
70-74 a�os;Extranjeros;Mujeres;2022;61.965
70-74 a�os;Espa�oles;Mujeres;2022;1.134.859
65-69 a�os;Extranjeros;Mujeres;2022;84.224
65-69 a�os;Espa�oles;Mujeres;2022;1.251.875
60-64 a�os;Extranjeros;Mujeres;2022;109.818
60-64 a�os;Espa�oles;Mujeres;2022;1.481.833
5-9 a�os;Extranjeros;Mujeres;2022;131.589
5-9 a�os;Espa�oles;Mujeres;2022;954.947
55-59 a�os;Extranjeros;Mujeres;2022;142.509
55-59 a�os;Espa�oles;Mujeres;2022;1.630.657
50-54 a�os;Extranjeros;Mujeres;2022;189.715
50-54 a�os;Espa�oles;Mujeres;2022;1.680.281
45-49 a�os;Extranjeros;Mujeres;2022;236.036
45-49 a�os;Espa�oles;Mujeres;2022;1.741.539
40-44 a�os;Extranjeros;Mujeres;2022;298.023
40-44 a�os;Espa�oles;Mujeres;2022;1.594.576
35-39 a�os;Extranjeros;Mujeres;2022;323.664
35-39 a�os;Espa�oles;Mujeres;2022;1.244.824
30-34 a�os;Extranjeros;Mujeres;2022;314.071
30-34 a�os;Espa�oles;Mujeres;2022;1.053.844
25-29 a�os;Extranjeros;Mujeres;2022;262.316
25-29 a�os;Espa�oles;Mujeres;2022;980.203
20-24 a�os;Extranjeros;Mujeres;2022;178.059
20-24 a�os;Espa�oles;Mujeres;2022;995.110
15-19 a�os;Extranjeros;Mujeres;2022;112.223
15-19 a�os;Espa�oles;Mujeres;2022;1.085.425
10-14 a�os;Extranjeros;Mujeres;2022;119.827
10-14 a�os;Espa�oles;Mujeres;2022;1.101.534
100 a�os y m�s;Extranjeros;Mujeres;2022;129
100 a�os y m�s;Espa�oles;Mujeres;2022;15.128
0-4 a�os;Extranjeros;Mujeres;2022;125.499
0-4 a�os;Espa�oles;Mujeres;2022;754.583
95-99 a�os;Extranjeros;Hombres;2021;375
95-99 a�os;Espa�oles;Hombres;2021;27.257
90-94 a�os;Extranjeros;Hombres;2021;2.021
90-94 a�os;Espa�oles;Hombres;2021;134.499
85-89 a�os;Extranjeros;Hombres;2021;6.770
85-89 a�os;Espa�oles;Hombres;2021;353.806
80-84 a�os;Extranjeros;Hombres;2021;17.892
80-84 a�os;Espa�oles;Hombres;2021;507.531
75-79 a�os;Extranjeros;Hombres;2021;32.651
75-79 a�os;Espa�oles;Hombres;2021;749.859
70-74 a�os;Extranjeros;Hombres;2021;51.320
70-74 a�os;Espa�oles;Hombres;2021;964.493
65-69 a�os;Extranjeros;Hombres;2021;68.244
65-69 a�os;Espa�oles;Hombres;2021;1.112.343
60-64 a�os;Extranjeros;Hombres;2021;93.909
60-64 a�os;Espa�oles;Hombres;2021;1.362.935
5-9 a�os;Extranjeros;Hombres;2021;138.048
5-9 a�os;Espa�oles;Hombres;2021;1.032.525
55-59 a�os;Extranjeros;Hombres;2021;130.815
55-59 a�os;Espa�oles;Hombres;2021;1.551.946
50-54 a�os;Extranjeros;Hombres;2021;190.036
50-54 a�os;Espa�oles;Hombres;2021;1.657.007
45-49 a�os;Extranjeros;Hombres;2021;251.192
45-49 a�os;Espa�oles;Hombres;2021;1.743.948
40-44 a�os;Extranjeros;Hombres;2021;313.061
40-44 a�os;Espa�oles;Hombres;2021;1.669.984
35-39 a�os;Extranjeros;Hombres;2021;308.105
35-39 a�os;Espa�oles;Hombres;2021;1.319.284
30-34 a�os;Extranjeros;Hombres;2021;288.190
30-34 a�os;Espa�oles;Hombres;2021;1.109.080
25-29 a�os;Extranjeros;Hombres;2021;252.347
25-29 a�os;Espa�oles;Hombres;2021;1.040.542
20-24 a�os;Extranjeros;Hombres;2021;189.947
20-24 a�os;Espa�oles;Hombres;2021;1.032.302
15-19 a�os;Extranjeros;Hombres;2021;129.935
15-19 a�os;Espa�oles;Hombres;2021;1.115.566
10-14 a�os;Extranjeros;Hombres;2021;121.798
10-14 a�os;Espa�oles;Hombres;2021;1.178.023
100 a�os y m�s;Extranjeros;Hombres;2021;51
100 a�os y m�s;Espa�oles;Hombres;2021;3.933
0-4 a�os;Extranjeros;Hombres;2021;138.445
0-4 a�os;Espa�oles;Hombres;2021;830.938
95-99 a�os;Extranjeros;Mujeres;2021;807
95-99 a�os;Espa�oles;Mujeres;2021;84.260
90-94 a�os;Extranjeros;Mujeres;2021;3.343
90-94 a�os;Espa�oles;Mujeres;2021;306.883
85-89 a�os;Extranjeros;Mujeres;2021;8.428
85-89 a�os;Espa�oles;Mujeres;2021;622.095
80-84 a�os;Extranjeros;Mujeres;2021;20.028
80-84 a�os;Espa�oles;Mujeres;2021;748.802
75-79 a�os;Extranjeros;Mujeres;2021;35.379
75-79 a�os;Espa�oles;Mujeres;2021;949.257
70-74 a�os;Extranjeros;Mujeres;2021;58.343
70-74 a�os;Espa�oles;Mujeres;2021;1.125.837
65-69 a�os;Extranjeros;Mujeres;2021;78.190
65-69 a�os;Espa�oles;Mujeres;2021;1.222.095
60-64 a�os;Extranjeros;Mujeres;2021;103.904
60-64 a�os;Espa�oles;Mujeres;2021;1.446.488
5-9 a�os;Extranjeros;Mujeres;2021;130.356
5-9 a�os;Espa�oles;Mujeres;2021;974.849
55-59 a�os;Extranjeros;Mujeres;2021;135.179
55-59 a�os;Espa�oles;Mujeres;2021;1.604.715
50-54 a�os;Extranjeros;Mujeres;2021;180.476
50-54 a�os;Espa�oles;Mujeres;2021;1.671.756
45-49 a�os;Extranjeros;Mujeres;2021;225.605
45-49 a�os;Espa�oles;Mujeres;2021;1.725.100
40-44 a�os;Extranjeros;Mujeres;2021;289.758
40-44 a�os;Espa�oles;Mujeres;2021;1.650.904
35-39 a�os;Extranjeros;Mujeres;2021;322.828
35-39 a�os;Espa�oles;Mujeres;2021;1.300.321
30-34 a�os;Extranjeros;Mujeres;2021;317.563
30-34 a�os;Espa�oles;Mujeres;2021;1.071.481
25-29 a�os;Extranjeros;Mujeres;2021;265.891
25-29 a�os;Espa�oles;Mujeres;2021;989.956
20-24 a�os;Extranjeros;Mujeres;2021;183.280
20-24 a�os;Espa�oles;Mujeres;2021;976.919
15-19 a�os;Extranjeros;Mujeres;2021;109.646
15-19 a�os;Espa�oles;Mujeres;2021;1.062.771
10-14 a�os;Extranjeros;Mujeres;2021;114.508
10-14 a�os;Espa�oles;Mujeres;2021;1.111.811
100 a�os y m�s;Extranjeros;Mujeres;2021;119
100 a�os y m�s;Espa�oles;Mujeres;2021;13.917
0-4 a�os;Extranjeros;Mujeres;2021;131.365
0-4 a�os;Espa�oles;Mujeres;2021;786.941
95-99 a�os;Extranjeros;Hombres;2020;372
95-99 a�os;Espa�oles;Hombres;2020;26.933
90-94 a�os;Extranjeros;Hombres;2020;1.946
90-94 a�os;Espa�oles;Hombres;2020;131.086
85-89 a�os;Extranjeros;Hombres;2020;6.433
85-89 a�os;Espa�oles;Hombres;2020;355.269
80-84 a�os;Extranjeros;Hombres;2020;17.025
80-84 a�os;Espa�oles;Hombres;2020;496.667
75-79 a�os;Extranjeros;Hombres;2020;32.537
75-79 a�os;Espa�oles;Hombres;2020;741.286
70-74 a�os;Extranjeros;Hombres;2020;49.358
70-74 a�os;Espa�oles;Hombres;2020;971.120
65-69 a�os;Extranjeros;Hombres;2020;65.578
65-69 a�os;Espa�oles;Hombres;2020;1.088.190
60-64 a�os;Extranjeros;Hombres;2020;87.798
60-64 a�os;Espa�oles;Hombres;2020;1.322.313
5-9 a�os;Extranjeros;Hombres;2020;140.347
5-9 a�os;Espa�oles;Hombres;2020;1.056.033
55-59 a�os;Extranjeros;Hombres;2020;124.510
55-59 a�os;Espa�oles;Hombres;2020;1.528.048
50-54 a�os;Extranjeros;Hombres;2020;180.056
50-54 a�os;Espa�oles;Hombres;2020;1.647.959
45-49 a�os;Extranjeros;Hombres;2020;245.691
45-49 a�os;Espa�oles;Hombres;2020;1.722.968
40-44 a�os;Extranjeros;Hombres;2020;311.153
40-44 a�os;Espa�oles;Hombres;2020;1.713.150
35-39 a�os;Extranjeros;Hombres;2020;320.095
35-39 a�os;Espa�oles;Hombres;2020;1.382.040
30-34 a�os;Extranjeros;Hombres;2020;290.912
30-34 a�os;Espa�oles;Hombres;2020;1.130.646
25-29 a�os;Extranjeros;Hombres;2020;255.009
25-29 a�os;Espa�oles;Hombres;2020;1.053.188
20-24 a�os;Extranjeros;Hombres;2020;193.745
20-24 a�os;Espa�oles;Hombres;2020;1.014.157
15-19 a�os;Extranjeros;Hombres;2020;134.460
15-19 a�os;Espa�oles;Hombres;2020;1.098.106
10-14 a�os;Extranjeros;Hombres;2020;119.099
10-14 a�os;Espa�oles;Hombres;2020;1.178.536
100 a�os y m�s;Extranjeros;Hombres;2020;45
100 a�os y m�s;Espa�oles;Hombres;2020;3.687
0-4 a�os;Extranjeros;Hombres;2020;143.708
0-4 a�os;Espa�oles;Hombres;2020;874.331
95-99 a�os;Extranjeros;Mujeres;2020;831
95-99 a�os;Espa�oles;Mujeres;2020;83.176
90-94 a�os;Extranjeros;Mujeres;2020;3.084
90-94 a�os;Espa�oles;Mujeres;2020;299.801
85-89 a�os;Extranjeros;Mujeres;2020;8.212
85-89 a�os;Espa�oles;Mujeres;2020;626.502
80-84 a�os;Extranjeros;Mujeres;2020;18.740
80-84 a�os;Espa�oles;Mujeres;2020;740.639
75-79 a�os;Extranjeros;Mujeres;2020;35.004
75-79 a�os;Espa�oles;Mujeres;2020;939.042
70-74 a�os;Extranjeros;Mujeres;2020;56.246
70-74 a�os;Espa�oles;Mujeres;2020;1.135.452
65-69 a�os;Extranjeros;Mujeres;2020;76.186
65-69 a�os;Espa�oles;Mujeres;2020;1.194.358
60-64 a�os;Extranjeros;Mujeres;2020;99.424
60-64 a�os;Espa�oles;Mujeres;2020;1.403.139
5-9 a�os;Extranjeros;Mujeres;2020;132.291
5-9 a�os;Espa�oles;Mujeres;2020;996.772
55-59 a�os;Extranjeros;Mujeres;2020;130.938
55-59 a�os;Espa�oles;Mujeres;2020;1.581.361
50-54 a�os;Extranjeros;Mujeres;2020;173.118
50-54 a�os;Espa�oles;Mujeres;2020;1.667.316
45-49 a�os;Extranjeros;Mujeres;2020;219.729
45-49 a�os;Espa�oles;Mujeres;2020;1.707.137
40-44 a�os;Extranjeros;Mujeres;2020;282.974
40-44 a�os;Espa�oles;Mujeres;2020;1.688.935
35-39 a�os;Extranjeros;Mujeres;2020;326.675
35-39 a�os;Espa�oles;Mujeres;2020;1.362.190
30-34 a�os;Extranjeros;Mujeres;2020;323.593
30-34 a�os;Espa�oles;Mujeres;2020;1.094.252
25-29 a�os;Extranjeros;Mujeres;2020;273.563
25-29 a�os;Espa�oles;Mujeres;2020;1.002.213
20-24 a�os;Extranjeros;Mujeres;2020;192.006
20-24 a�os;Espa�oles;Mujeres;2020;960.759
15-19 a�os;Extranjeros;Mujeres;2020;113.428
15-19 a�os;Espa�oles;Mujeres;2020;1.043.027
10-14 a�os;Extranjeros;Mujeres;2020;111.473
10-14 a�os;Espa�oles;Mujeres;2020;1.114.390
100 a�os y m�s;Extranjeros;Mujeres;2020;131
100 a�os y m�s;Espa�oles;Mujeres;2020;13.445
0-4 a�os;Extranjeros;Mujeres;2020;136.630
0-4 a�os;Espa�oles;Mujeres;2020;827.023
95-99 a�os;Extranjeros;Hombres;2019;363
95-99 a�os;Espa�oles;Hombres;2019;24.915
90-94 a�os;Extranjeros;Hombres;2019;1.846
90-94 a�os;Espa�oles;Hombres;2019;123.510
85-89 a�os;Extranjeros;Hombres;2019;6.028
85-89 a�os;Espa�oles;Hombres;2019;346.218
80-84 a�os;Extranjeros;Hombres;2019;15.568
80-84 a�os;Espa�oles;Hombres;2019;530.466
75-79 a�os;Extranjeros;Hombres;2019;30.591
75-79 a�os;Espa�oles;Hombres;2019;683.579
70-74 a�os;Extranjeros;Hombres;2019;46.830
70-74 a�os;Espa�oles;Hombres;2019;956.596
65-69 a�os;Extranjeros;Hombres;2019;60.319
65-69 a�os;Espa�oles;Hombres;2019;1.081.476
60-64 a�os;Extranjeros;Hombres;2019;79.505
60-64 a�os;Espa�oles;Hombres;2019;1.274.185
5-9 a�os;Extranjeros;Hombres;2019;130.229
5-9 a�os;Espa�oles;Hombres;2019;1.081.741
55-59 a�os;Extranjeros;Hombres;2019;112.774
55-59 a�os;Espa�oles;Hombres;2019;1.491.442
50-54 a�os;Extranjeros;Hombres;2019;164.052
50-54 a�os;Espa�oles;Hombres;2019;1.646.565
45-49 a�os;Extranjeros;Hombres;2019;227.283
45-49 a�os;Espa�oles;Hombres;2019;1.701.683
40-44 a�os;Extranjeros;Hombres;2019;293.831
40-44 a�os;Espa�oles;Hombres;2019;1.743.181
35-39 a�os;Extranjeros;Hombres;2019;309.762
35-39 a�os;Espa�oles;Hombres;2019;1.447.639
30-34 a�os;Extranjeros;Hombres;2019;269.587
30-34 a�os;Espa�oles;Hombres;2019;1.160.144
25-29 a�os;Extranjeros;Hombres;2019;227.352
25-29 a�os;Espa�oles;Hombres;2019;1.068.385
20-24 a�os;Extranjeros;Hombres;2019;173.284
20-24 a�os;Espa�oles;Hombres;2019;1.004.541
15-19 a�os;Extranjeros;Hombres;2019;123.166
15-19 a�os;Espa�oles;Hombres;2019;1.072.157
10-14 a�os;Extranjeros;Hombres;2019;107.765
10-14 a�os;Espa�oles;Hombres;2019;1.172.266
100 a�os y m�s;Extranjeros;Hombres;2019;48
100 a�os y m�s;Espa�oles;Hombres;2019;3.403
0-4 a�os;Extranjeros;Hombres;2019;139.962
0-4 a�os;Espa�oles;Hombres;2019;908.191
95-99 a�os;Extranjeros;Mujeres;2019;748
95-99 a�os;Espa�oles;Mujeres;2019;77.581
90-94 a�os;Extranjeros;Mujeres;2019;2.801
90-94 a�os;Espa�oles;Mujeres;2019;287.391
85-89 a�os;Extranjeros;Mujeres;2019;7.654
85-89 a�os;Espa�oles;Mujeres;2019;615.347
80-84 a�os;Extranjeros;Mujeres;2019;16.732
80-84 a�os;Espa�oles;Mujeres;2019;791.048
75-79 a�os;Extranjeros;Mujeres;2019;32.255
75-79 a�os;Espa�oles;Mujeres;2019;871.614
70-74 a�os;Extranjeros;Mujeres;2019;52.225
70-74 a�os;Espa�oles;Mujeres;2019;1.120.189
65-69 a�os;Extranjeros;Mujeres;2019;69.753
65-69 a�os;Espa�oles;Mujeres;2019;1.187.247
60-64 a�os;Extranjeros;Mujeres;2019;90.330
60-64 a�os;Espa�oles;Mujeres;2019;1.355.091
5-9 a�os;Extranjeros;Mujeres;2019;123.667
5-9 a�os;Espa�oles;Mujeres;2019;1.019.857
55-59 a�os;Extranjeros;Mujeres;2019;118.215
55-59 a�os;Espa�oles;Mujeres;2019;1.544.518
50-54 a�os;Extranjeros;Mujeres;2019;157.400
50-54 a�os;Espa�oles;Mujeres;2019;1.669.823
45-49 a�os;Extranjeros;Mujeres;2019;201.330
45-49 a�os;Espa�oles;Mujeres;2019;1.688.625
40-44 a�os;Extranjeros;Mujeres;2019;260.337
40-44 a�os;Espa�oles;Mujeres;2019;1.716.217
35-39 a�os;Extranjeros;Mujeres;2019;307.872
35-39 a�os;Espa�oles;Mujeres;2019;1.427.327
30-34 a�os;Extranjeros;Mujeres;2019;305.514
30-34 a�os;Espa�oles;Mujeres;2019;1.125.145
25-29 a�os;Extranjeros;Mujeres;2019;252.956
25-29 a�os;Espa�oles;Mujeres;2019;1.017.668
20-24 a�os;Extranjeros;Mujeres;2019;175.899
20-24 a�os;Espa�oles;Mujeres;2019;951.579
15-19 a�os;Extranjeros;Mujeres;2019;107.922
15-19 a�os;Espa�oles;Mujeres;2019;1.019.201
10-14 a�os;Extranjeros;Mujeres;2019;100.910
10-14 a�os;Espa�oles;Mujeres;2019;1.110.430
100 a�os y m�s;Extranjeros;Mujeres;2019;137
100 a�os y m�s;Espa�oles;Mujeres;2019;12.715
0-4 a�os;Extranjeros;Mujeres;2019;132.076
0-4 a�os;Espa�oles;Mujeres;2019;858.434
95-99 a�os;Extranjeros;Hombres;2018;331
95-99 a�os;Espa�oles;Hombres;2018;23.045
90-94 a�os;Extranjeros;Hombres;2018;1.656
90-94 a�os;Espa�oles;Hombres;2018;117.355
85-89 a�os;Extranjeros;Hombres;2018;5.566
85-89 a�os;Espa�oles;Hombres;2018;334.477
80-84 a�os;Extranjeros;Hombres;2018;14.246
80-84 a�os;Espa�oles;Hombres;2018;554.705
75-79 a�os;Extranjeros;Hombres;2018;29.142
75-79 a�os;Espa�oles;Hombres;2018;641.491
70-74 a�os;Extranjeros;Hombres;2018;44.221
70-74 a�os;Espa�oles;Hombres;2018;930.474
65-69 a�os;Extranjeros;Hombres;2018;56.575
65-69 a�os;Espa�oles;Hombres;2018;1.083.198
60-64 a�os;Extranjeros;Hombres;2018;72.122
60-64 a�os;Espa�oles;Hombres;2018;1.235.775
5-9 a�os;Extranjeros;Hombres;2018;124.131
5-9 a�os;Espa�oles;Hombres;2018;1.122.438
55-59 a�os;Extranjeros;Hombres;2018;103.918
55-59 a�os;Espa�oles;Hombres;2018;1.465.345
50-54 a�os;Extranjeros;Hombres;2018;150.432
50-54 a�os;Espa�oles;Hombres;2018;1.634.135
45-49 a�os;Extranjeros;Hombres;2018;215.836
45-49 a�os;Espa�oles;Hombres;2018;1.686.370
40-44 a�os;Extranjeros;Hombres;2018;279.050
40-44 a�os;Espa�oles;Hombres;2018;1.751.188
35-39 a�os;Extranjeros;Hombres;2018;306.452
35-39 a�os;Espa�oles;Hombres;2018;1.524.026
30-34 a�os;Extranjeros;Hombres;2018;256.821
30-34 a�os;Espa�oles;Hombres;2018;1.196.674
25-29 a�os;Extranjeros;Hombres;2018;207.636
25-29 a�os;Espa�oles;Hombres;2018;1.079.896
20-24 a�os;Extranjeros;Hombres;2018;157.063
20-24 a�os;Espa�oles;Hombres;2018;1.009.839
15-19 a�os;Extranjeros;Hombres;2018;114.698
15-19 a�os;Espa�oles;Hombres;2018;1.045.174
10-14 a�os;Extranjeros;Hombres;2018;99.136
10-14 a�os;Espa�oles;Hombres;2018;1.149.783
100 a�os y m�s;Extranjeros;Hombres;2018;49
100 a�os y m�s;Espa�oles;Hombres;2018;3.180
0-4 a�os;Extranjeros;Hombres;2018;134.797
0-4 a�os;Espa�oles;Hombres;2018;934.156
95-99 a�os;Extranjeros;Mujeres;2018;725
95-99 a�os;Espa�oles;Mujeres;2018;73.192
90-94 a�os;Extranjeros;Mujeres;2018;2.586
90-94 a�os;Espa�oles;Mujeres;2018;275.537
85-89 a�os;Extranjeros;Mujeres;2018;7.045
85-89 a�os;Espa�oles;Mujeres;2018;601.289
80-84 a�os;Extranjeros;Mujeres;2018;15.083
80-84 a�os;Espa�oles;Mujeres;2018;829.250
75-79 a�os;Extranjeros;Mujeres;2018;29.764
75-79 a�os;Espa�oles;Mujeres;2018;825.033
70-74 a�os;Extranjeros;Mujeres;2018;48.092
70-74 a�os;Espa�oles;Mujeres;2018;1.091.695
65-69 a�os;Extranjeros;Mujeres;2018;65.005
65-69 a�os;Espa�oles;Mujeres;2018;1.191.866
60-64 a�os;Extranjeros;Mujeres;2018;81.886
60-64 a�os;Espa�oles;Mujeres;2018;1.314.162
5-9 a�os;Extranjeros;Mujeres;2018;117.812
5-9 a�os;Espa�oles;Mujeres;2018;1.057.169
55-59 a�os;Extranjeros;Mujeres;2018;107.942
55-59 a�os;Espa�oles;Mujeres;2018;1.519.330
50-54 a�os;Extranjeros;Mujeres;2018;142.847
50-54 a�os;Espa�oles;Mujeres;2018;1.658.680
45-49 a�os;Extranjeros;Mujeres;2018;189.460
45-49 a�os;Espa�oles;Mujeres;2018;1.676.647
40-44 a�os;Extranjeros;Mujeres;2018;240.339
40-44 a�os;Espa�oles;Mujeres;2018;1.722.078
35-39 a�os;Extranjeros;Mujeres;2018;293.502
35-39 a�os;Espa�oles;Mujeres;2018;1.500.725
30-34 a�os;Extranjeros;Mujeres;2018;292.254
30-34 a�os;Espa�oles;Mujeres;2018;1.163.312
25-29 a�os;Extranjeros;Mujeres;2018;239.560
25-29 a�os;Espa�oles;Mujeres;2018;1.030.122
20-24 a�os;Extranjeros;Mujeres;2018;163.502
20-24 a�os;Espa�oles;Mujeres;2018;957.692
15-19 a�os;Extranjeros;Mujeres;2018;103.425
15-19 a�os;Espa�oles;Mujeres;2018;990.017
10-14 a�os;Extranjeros;Mujeres;2018;92.617
10-14 a�os;Espa�oles;Mujeres;2018;1.092.637
100 a�os y m�s;Extranjeros;Mujeres;2018;110
100 a�os y m�s;Espa�oles;Mujeres;2018;12.168
0-4 a�os;Extranjeros;Mujeres;2018;127.257
0-4 a�os;Espa�oles;Mujeres;2018;882.964
95-99 a�os;Extranjeros;Hombres;2017;327
95-99 a�os;Espa�oles;Hombres;2017;20.970
90-94 a�os;Extranjeros;Hombres;2017;1.516
90-94 a�os;Espa�oles;Hombres;2017;113.029
85-89 a�os;Extranjeros;Hombres;2017;5.099
85-89 a�os;Espa�oles;Hombres;2017;319.766
80-84 a�os;Extranjeros;Hombres;2017;13.115
80-84 a�os;Espa�oles;Hombres;2017;565.257
75-79 a�os;Extranjeros;Hombres;2017;27.310
75-79 a�os;Espa�oles;Hombres;2017;637.398
70-74 a�os;Extranjeros;Hombres;2017;41.878
70-74 a�os;Espa�oles;Hombres;2017;899.417
65-69 a�os;Extranjeros;Hombres;2017;54.051
65-69 a�os;Espa�oles;Hombres;2017;1.066.135
60-64 a�os;Extranjeros;Hombres;2017;67.473
60-64 a�os;Espa�oles;Hombres;2017;1.204.341
5-9 a�os;Extranjeros;Hombres;2017;118.654
5-9 a�os;Espa�oles;Hombres;2017;1.143.924
55-59 a�os;Extranjeros;Hombres;2017;97.418
55-59 a�os;Espa�oles;Hombres;2017;1.444.873
50-54 a�os;Extranjeros;Hombres;2017;141.491
50-54 a�os;Espa�oles;Hombres;2017;1.608.718
45-49 a�os;Extranjeros;Hombres;2017;207.486
45-49 a�os;Espa�oles;Hombres;2017;1.678.938
40-44 a�os;Extranjeros;Hombres;2017;270.117
40-44 a�os;Espa�oles;Hombres;2017;1.752.654
35-39 a�os;Extranjeros;Hombres;2017;309.723
35-39 a�os;Espa�oles;Hombres;2017;1.595.240
30-34 a�os;Extranjeros;Hombres;2017;260.047
30-34 a�os;Espa�oles;Hombres;2017;1.248.047
25-29 a�os;Extranjeros;Hombres;2017;199.364
25-29 a�os;Espa�oles;Hombres;2017;1.090.373
20-24 a�os;Extranjeros;Hombres;2017;148.767
20-24 a�os;Espa�oles;Hombres;2017;1.020.493
15-19 a�os;Extranjeros;Hombres;2017;112.533
15-19 a�os;Espa�oles;Hombres;2017;1.027.230
10-14 a�os;Extranjeros;Hombres;2017;95.909
10-14 a�os;Espa�oles;Hombres;2017;1.126.820
100 a�os y m�s;Extranjeros;Hombres;2017;49
100 a�os y m�s;Espa�oles;Hombres;2017;3.150
0-4 a�os;Extranjeros;Hombres;2017;132.778
0-4 a�os;Espa�oles;Hombres;2017;960.983
95-99 a�os;Extranjeros;Mujeres;2017;676
95-99 a�os;Espa�oles;Mujeres;2017;67.925
90-94 a�os;Extranjeros;Mujeres;2017;2.518
90-94 a�os;Espa�oles;Mujeres;2017;268.853
85-89 a�os;Extranjeros;Mujeres;2017;6.456
85-89 a�os;Espa�oles;Mujeres;2017;581.596
80-84 a�os;Extranjeros;Mujeres;2017;13.688
80-84 a�os;Espa�oles;Mujeres;2017;847.698
75-79 a�os;Extranjeros;Mujeres;2017;27.202
75-79 a�os;Espa�oles;Mujeres;2017;827.967
70-74 a�os;Extranjeros;Mujeres;2017;44.359
70-74 a�os;Espa�oles;Mujeres;2017;1.056.039
65-69 a�os;Extranjeros;Mujeres;2017;61.815
65-69 a�os;Espa�oles;Mujeres;2017;1.176.763
60-64 a�os;Extranjeros;Mujeres;2017;75.789
60-64 a�os;Espa�oles;Mujeres;2017;1.278.258
5-9 a�os;Extranjeros;Mujeres;2017;112.060
5-9 a�os;Espa�oles;Mujeres;2017;1.077.959
55-59 a�os;Extranjeros;Mujeres;2017;101.167
55-59 a�os;Espa�oles;Mujeres;2017;1.498.881
50-54 a�os;Extranjeros;Mujeres;2017;132.691
50-54 a�os;Espa�oles;Mujeres;2017;1.634.707
45-49 a�os;Extranjeros;Mujeres;2017;181.236
45-49 a�os;Espa�oles;Mujeres;2017;1.672.887
40-44 a�os;Extranjeros;Mujeres;2017;226.816
40-44 a�os;Espa�oles;Mujeres;2017;1.724.053
35-39 a�os;Extranjeros;Mujeres;2017;283.374
35-39 a�os;Espa�oles;Mujeres;2017;1.566.611
30-34 a�os;Extranjeros;Mujeres;2017;288.629
30-34 a�os;Espa�oles;Mujeres;2017;1.216.172
25-29 a�os;Extranjeros;Mujeres;2017;236.276
25-29 a�os;Espa�oles;Mujeres;2017;1.041.245
20-24 a�os;Extranjeros;Mujeres;2017;155.569
20-24 a�os;Espa�oles;Mujeres;2017;968.508
15-19 a�os;Extranjeros;Mujeres;2017;103.032
15-19 a�os;Espa�oles;Mujeres;2017;973.001
10-14 a�os;Extranjeros;Mujeres;2017;89.400
10-14 a�os;Espa�oles;Mujeres;2017;1.072.084
100 a�os y m�s;Extranjeros;Mujeres;2017;122
100 a�os y m�s;Espa�oles;Mujeres;2017;12.060
0-4 a�os;Extranjeros;Mujeres;2017;124.827
0-4 a�os;Espa�oles;Mujeres;2017;908.302
95-99 a�os;Extranjeros;Hombres;2016;354
95-99 a�os;Espa�oles;Hombres;2016;18.932
90-94 a�os;Extranjeros;Hombres;2016;1.675
90-94 a�os;Espa�oles;Hombres;2016;107.114
85-89 a�os;Extranjeros;Hombres;2016;5.183
85-89 a�os;Espa�oles;Hombres;2016;306.962
80-84 a�os;Extranjeros;Hombres;2016;12.745
80-84 a�os;Espa�oles;Hombres;2016;560.301
75-79 a�os;Extranjeros;Hombres;2016;27.636
75-79 a�os;Espa�oles;Hombres;2016;655.689
70-74 a�os;Extranjeros;Hombres;2016;41.994
70-74 a�os;Espa�oles;Hombres;2016;865.814
65-69 a�os;Extranjeros;Hombres;2016;55.134
65-69 a�os;Espa�oles;Hombres;2016;1.055.116
60-64 a�os;Extranjeros;Hombres;2016;65.522
60-64 a�os;Espa�oles;Hombres;2016;1.176.398
5-9 a�os;Extranjeros;Hombres;2016;119.286
5-9 a�os;Espa�oles;Hombres;2016;1.155.507
55-59 a�os;Extranjeros;Hombres;2016;96.341
55-59 a�os;Espa�oles;Hombres;2016;1.410.825
50-54 a�os;Extranjeros;Hombres;2016;138.638
50-54 a�os;Espa�oles;Hombres;2016;1.581.751
45-49 a�os;Extranjeros;Hombres;2016;205.906
45-49 a�os;Espa�oles;Hombres;2016;1.667.780
40-44 a�os;Extranjeros;Hombres;2016;269.394
40-44 a�os;Espa�oles;Hombres;2016;1.739.745
35-39 a�os;Extranjeros;Hombres;2016;323.038
35-39 a�os;Espa�oles;Hombres;2016;1.656.735
30-34 a�os;Extranjeros;Hombres;2016;277.063
30-34 a�os;Espa�oles;Hombres;2016;1.308.014
25-29 a�os;Extranjeros;Hombres;2016;205.302
25-29 a�os;Espa�oles;Hombres;2016;1.106.311
20-24 a�os;Extranjeros;Hombres;2016;148.420
20-24 a�os;Espa�oles;Hombres;2016;1.033.039
15-19 a�os;Extranjeros;Hombres;2016;115.107
15-19 a�os;Espa�oles;Hombres;2016;1.008.677
10-14 a�os;Extranjeros;Hombres;2016;97.808
10-14 a�os;Espa�oles;Hombres;2016;1.100.686
100 a�os y m�s;Extranjeros;Hombres;2016;56
100 a�os y m�s;Espa�oles;Hombres;2016;2.992
0-4 a�os;Extranjeros;Hombres;2016;134.904
0-4 a�os;Espa�oles;Hombres;2016;983.716
95-99 a�os;Extranjeros;Mujeres;2016;635
95-99 a�os;Espa�oles;Mujeres;2016;63.256
90-94 a�os;Extranjeros;Mujeres;2016;2.575
90-94 a�os;Espa�oles;Mujeres;2016;257.181
85-89 a�os;Extranjeros;Mujeres;2016;6.421
85-89 a�os;Espa�oles;Mujeres;2016;567.823
80-84 a�os;Extranjeros;Mujeres;2016;13.091
80-84 a�os;Espa�oles;Mujeres;2016;839.817
75-79 a�os;Extranjeros;Mujeres;2016;26.593
75-79 a�os;Espa�oles;Mujeres;2016;863.356
70-74 a�os;Extranjeros;Mujeres;2016;43.068
70-74 a�os;Espa�oles;Mujeres;2016;1.014.581
65-69 a�os;Extranjeros;Mujeres;2016;62.276
65-69 a�os;Espa�oles;Mujeres;2016;1.167.520
60-64 a�os;Extranjeros;Mujeres;2016;73.129
60-64 a�os;Espa�oles;Mujeres;2016;1.246.917
5-9 a�os;Extranjeros;Mujeres;2016;112.627
5-9 a�os;Espa�oles;Mujeres;2016;1.090.053
55-59 a�os;Extranjeros;Mujeres;2016;98.785
55-59 a�os;Espa�oles;Mujeres;2016;1.463.260
50-54 a�os;Extranjeros;Mujeres;2016;129.887
50-54 a�os;Espa�oles;Mujeres;2016;1.609.248
45-49 a�os;Extranjeros;Mujeres;2016;177.308
45-49 a�os;Espa�oles;Mujeres;2016;1.665.172
40-44 a�os;Extranjeros;Mujeres;2016;222.761
40-44 a�os;Espa�oles;Mujeres;2016;1.709.153
35-39 a�os;Extranjeros;Mujeres;2016;284.372
35-39 a�os;Espa�oles;Mujeres;2016;1.624.128
30-34 a�os;Extranjeros;Mujeres;2016;296.828
30-34 a�os;Espa�oles;Mujeres;2016;1.272.808
25-29 a�os;Extranjeros;Mujeres;2016;245.993
25-29 a�os;Espa�oles;Mujeres;2016;1.059.078
20-24 a�os;Extranjeros;Mujeres;2016;156.245
20-24 a�os;Espa�oles;Mujeres;2016;979.277
15-19 a�os;Extranjeros;Mujeres;2016;105.756
15-19 a�os;Espa�oles;Mujeres;2016;954.329
10-14 a�os;Extranjeros;Mujeres;2016;91.578
10-14 a�os;Espa�oles;Mujeres;2016;1.048.827
100 a�os y m�s;Extranjeros;Mujeres;2016;110
100 a�os y m�s;Espa�oles;Mujeres;2016;11.705
0-4 a�os;Extranjeros;Mujeres;2016;127.037
0-4 a�os;Espa�oles;Mujeres;2016;928.834
95-99 a�os;Extranjeros;Hombres;2015;329
95-99 a�os;Espa�oles;Hombres;2015;17.643
90-94 a�os;Extranjeros;Hombres;2015;1.696
90-94 a�os;Espa�oles;Hombres;2015;102.366
85-89 a�os;Extranjeros;Hombres;2015;5.197
85-89 a�os;Espa�oles;Hombres;2015;293.480
80-84 a�os;Extranjeros;Hombres;2015;12.885
80-84 a�os;Espa�oles;Hombres;2015;556.489
75-79 a�os;Extranjeros;Hombres;2015;27.941
75-79 a�os;Espa�oles;Hombres;2015;641.027
70-74 a�os;Extranjeros;Hombres;2015;44.497
70-74 a�os;Espa�oles;Hombres;2015;853.446
65-69 a�os;Extranjeros;Hombres;2015;56.044
65-69 a�os;Espa�oles;Hombres;2015;1.060.257
60-64 a�os;Extranjeros;Hombres;2015;65.348
60-64 a�os;Espa�oles;Hombres;2015;1.149.866
5-9 a�os;Extranjeros;Hombres;2015;117.158
5-9 a�os;Espa�oles;Hombres;2015;1.158.796
55-59 a�os;Extranjeros;Hombres;2015;94.288
55-59 a�os;Espa�oles;Hombres;2015;1.368.996
50-54 a�os;Extranjeros;Hombres;2015;138.013
50-54 a�os;Espa�oles;Hombres;2015;1.558.711
45-49 a�os;Extranjeros;Hombres;2015;202.037
45-49 a�os;Espa�oles;Hombres;2015;1.660.976
40-44 a�os;Extranjeros;Hombres;2015;271.466
40-44 a�os;Espa�oles;Hombres;2015;1.722.522
35-39 a�os;Extranjeros;Hombres;2015;333.246
35-39 a�os;Espa�oles;Hombres;2015;1.704.591
30-34 a�os;Extranjeros;Hombres;2015;303.864
30-34 a�os;Espa�oles;Hombres;2015;1.374.487
25-29 a�os;Extranjeros;Hombres;2015;218.940
25-29 a�os;Espa�oles;Hombres;2015;1.131.362
20-24 a�os;Extranjeros;Hombres;2015;151.823
20-24 a�os;Espa�oles;Hombres;2015;1.047.530
15-19 a�os;Extranjeros;Hombres;2015;119.546
15-19 a�os;Espa�oles;Hombres;2015;989.171
10-14 a�os;Extranjeros;Hombres;2015;103.520
10-14 a�os;Espa�oles;Hombres;2015;1.080.021
100 a�os y m�s;Extranjeros;Hombres;2015;64
100 a�os y m�s;Espa�oles;Hombres;2015;2.911
0-4 a�os;Extranjeros;Hombres;2015;141.725
0-4 a�os;Espa�oles;Hombres;2015;1.006.108
95-99 a�os;Extranjeros;Mujeres;2015;597
95-99 a�os;Espa�oles;Mujeres;2015;59.843
90-94 a�os;Extranjeros;Mujeres;2015;2.656
90-94 a�os;Espa�oles;Mujeres;2015;248.856
85-89 a�os;Extranjeros;Mujeres;2015;6.424
85-89 a�os;Espa�oles;Mujeres;2015;549.171
80-84 a�os;Extranjeros;Mujeres;2015;13.173
80-84 a�os;Espa�oles;Mujeres;2015;840.784
75-79 a�os;Extranjeros;Mujeres;2015;26.221
75-79 a�os;Espa�oles;Mujeres;2015;852.883
70-74 a�os;Extranjeros;Mujeres;2015;44.448
70-74 a�os;Espa�oles;Mujeres;2015;1.002.494
65-69 a�os;Extranjeros;Mujeres;2015;62.460
65-69 a�os;Espa�oles;Mujeres;2015;1.176.191
60-64 a�os;Extranjeros;Mujeres;2015;73.098
60-64 a�os;Espa�oles;Mujeres;2015;1.217.631
5-9 a�os;Extranjeros;Mujeres;2015;110.818
5-9 a�os;Espa�oles;Mujeres;2015;1.095.403
55-59 a�os;Extranjeros;Mujeres;2015;96.822
55-59 a�os;Espa�oles;Mujeres;2015;1.419.137
50-54 a�os;Extranjeros;Mujeres;2015;129.153
50-54 a�os;Espa�oles;Mujeres;2015;1.586.723
45-49 a�os;Extranjeros;Mujeres;2015;173.954
45-49 a�os;Espa�oles;Mujeres;2015;1.662.695
40-44 a�os;Extranjeros;Mujeres;2015;221.756
40-44 a�os;Espa�oles;Mujeres;2015;1.693.955
35-39 a�os;Extranjeros;Mujeres;2015;285.499
35-39 a�os;Espa�oles;Mujeres;2015;1.666.553
30-34 a�os;Extranjeros;Mujeres;2015;311.084
30-34 a�os;Espa�oles;Mujeres;2015;1.338.718
25-29 a�os;Extranjeros;Mujeres;2015;260.818
25-29 a�os;Espa�oles;Mujeres;2015;1.084.510
20-24 a�os;Extranjeros;Mujeres;2015;161.259
20-24 a�os;Espa�oles;Mujeres;2015;993.986
15-19 a�os;Extranjeros;Mujeres;2015;109.657
15-19 a�os;Espa�oles;Mujeres;2015;936.682
10-14 a�os;Extranjeros;Mujeres;2015;96.799
10-14 a�os;Espa�oles;Mujeres;2015;1.026.562
100 a�os y m�s;Extranjeros;Mujeres;2015;133
100 a�os y m�s;Espa�oles;Mujeres;2015;11.379
0-4 a�os;Extranjeros;Mujeres;2015;133.188
0-4 a�os;Espa�oles;Mujeres;2015;949.826
95-99 a�os;Extranjeros;Hombres;2014;305
95-99 a�os;Espa�oles;Hombres;2014;16.708
90-94 a�os;Extranjeros;Hombres;2014;1.671
90-94 a�os;Espa�oles;Hombres;2014;95.120
85-89 a�os;Extranjeros;Hombres;2014;5.156
85-89 a�os;Espa�oles;Hombres;2014;280.635
80-84 a�os;Extranjeros;Hombres;2014;12.603
80-84 a�os;Espa�oles;Hombres;2014;546.132
75-79 a�os;Extranjeros;Hombres;2014;27.316
75-79 a�os;Espa�oles;Hombres;2014;686.675
70-74 a�os;Extranjeros;Hombres;2014;44.778
70-74 a�os;Espa�oles;Hombres;2014;789.320
65-69 a�os;Extranjeros;Hombres;2014;57.726
65-69 a�os;Espa�oles;Hombres;2014;1.046.573
60-64 a�os;Extranjeros;Hombres;2014;66.092
60-64 a�os;Espa�oles;Hombres;2014;1.143.816
5-9 a�os;Extranjeros;Hombres;2014;119.315
5-9 a�os;Espa�oles;Hombres;2014;1.152.932
55-59 a�os;Extranjeros;Hombres;2014;95.208
55-59 a�os;Espa�oles;Hombres;2014;1.320.735
50-54 a�os;Extranjeros;Hombres;2014;140.278
50-54 a�os;Espa�oles;Hombres;2014;1.522.241
45-49 a�os;Extranjeros;Hombres;2014;206.411
45-49 a�os;Espa�oles;Hombres;2014;1.659.840
40-44 a�os;Extranjeros;Hombres;2014;282.951
40-44 a�os;Espa�oles;Hombres;2014;1.700.151
35-39 a�os;Extranjeros;Hombres;2014;357.625
35-39 a�os;Espa�oles;Hombres;2014;1.732.112
30-34 a�os;Extranjeros;Hombres;2014;344.576
30-34 a�os;Espa�oles;Hombres;2014;1.438.885
25-29 a�os;Extranjeros;Hombres;2014;247.365
25-29 a�os;Espa�oles;Hombres;2014;1.160.553
20-24 a�os;Extranjeros;Hombres;2014;163.934
20-24 a�os;Espa�oles;Hombres;2014;1.061.941
15-19 a�os;Extranjeros;Hombres;2014;129.354
15-19 a�os;Espa�oles;Hombres;2014;978.020
10-14 a�os;Extranjeros;Hombres;2014;112.872
10-14 a�os;Espa�oles;Hombres;2014;1.050.340
100 a�os y m�s;Extranjeros;Hombres;2014;49
100 a�os y m�s;Espa�oles;Hombres;2014;2.688
0-4 a�os;Extranjeros;Hombres;2014;154.662
0-4 a�os;Espa�oles;Hombres;2014;1.030.012
95-99 a�os;Extranjeros;Mujeres;2014;588
95-99 a�os;Espa�oles;Mujeres;2014;57.757
90-94 a�os;Extranjeros;Mujeres;2014;2.642
90-94 a�os;Espa�oles;Mujeres;2014;233.706
85-89 a�os;Extranjeros;Mujeres;2014;6.428
85-89 a�os;Espa�oles;Mujeres;2014;533.138
80-84 a�os;Extranjeros;Mujeres;2014;12.952
80-84 a�os;Espa�oles;Mujeres;2014;832.286
75-79 a�os;Extranjeros;Mujeres;2014;25.312
75-79 a�os;Espa�oles;Mujeres;2014;912.798
70-74 a�os;Extranjeros;Mujeres;2014;43.945
70-74 a�os;Espa�oles;Mujeres;2014;931.953
65-69 a�os;Extranjeros;Mujeres;2014;63.389
65-69 a�os;Espa�oles;Mujeres;2014;1.161.650
60-64 a�os;Extranjeros;Mujeres;2014;74.770
60-64 a�os;Espa�oles;Mujeres;2014;1.210.565
5-9 a�os;Extranjeros;Mujeres;2014;112.421
5-9 a�os;Espa�oles;Mujeres;2014;1.091.535
55-59 a�os;Extranjeros;Mujeres;2014;98.494
55-59 a�os;Espa�oles;Mujeres;2014;1.370.115
50-54 a�os;Extranjeros;Mujeres;2014;132.199
50-54 a�os;Espa�oles;Mujeres;2014;1.548.529
45-49 a�os;Extranjeros;Mujeres;2014;177.750
45-49 a�os;Espa�oles;Mujeres;2014;1.662.752
40-44 a�os;Extranjeros;Mujeres;2014;230.321
40-44 a�os;Espa�oles;Mujeres;2014;1.671.652
35-39 a�os;Extranjeros;Mujeres;2014;298.471
35-39 a�os;Espa�oles;Mujeres;2014;1.689.605
30-34 a�os;Extranjeros;Mujeres;2014;339.121
30-34 a�os;Espa�oles;Mujeres;2014;1.397.707
25-29 a�os;Extranjeros;Mujeres;2014;288.667
25-29 a�os;Espa�oles;Mujeres;2014;1.112.136
20-24 a�os;Extranjeros;Mujeres;2014;175.715
20-24 a�os;Espa�oles;Mujeres;2014;1.007.933
15-19 a�os;Extranjeros;Mujeres;2014;117.815
15-19 a�os;Espa�oles;Mujeres;2014;925.538
10-14 a�os;Extranjeros;Mujeres;2014;106.272
10-14 a�os;Espa�oles;Mujeres;2014;999.231
100 a�os y m�s;Extranjeros;Mujeres;2014;101
100 a�os y m�s;Espa�oles;Mujeres;2014;10.327
0-4 a�os;Extranjeros;Mujeres;2014;145.867
0-4 a�os;Espa�oles;Mujeres;2014;971.512
95-99 a�os;Extranjeros;Hombres;2013;786
95-99 a�os;Espa�oles;Hombres;2013;15.982
90-94 a�os;Extranjeros;Hombres;2013;3.033
90-94 a�os;Espa�oles;Hombres;2013;86.435
85-89 a�os;Extranjeros;Hombres;2013;7.775
85-89 a�os;Espa�oles;Hombres;2013;268.005
80-84 a�os;Extranjeros;Hombres;2013;16.770
80-84 a�os;Espa�oles;Hombres;2013;530.153
75-79 a�os;Extranjeros;Hombres;2013;32.233
75-79 a�os;Espa�oles;Hombres;2013;719.493
70-74 a�os;Extranjeros;Hombres;2013;53.054
70-74 a�os;Espa�oles;Hombres;2013;743.637
65-69 a�os;Extranjeros;Hombres;2013;66.216
65-69 a�os;Espa�oles;Hombres;2013;1.019.230
60-64 a�os;Extranjeros;Hombres;2013;74.948
60-64 a�os;Espa�oles;Hombres;2013;1.147.073
5-9 a�os;Extranjeros;Hombres;2013;123.267
5-9 a�os;Espa�oles;Hombres;2013;1.131.306
55-59 a�os;Extranjeros;Hombres;2013;101.517
55-59 a�os;Espa�oles;Hombres;2013;1.281.545
50-54 a�os;Extranjeros;Hombres;2013;150.527
50-54 a�os;Espa�oles;Hombres;2013;1.495.450
45-49 a�os;Extranjeros;Hombres;2013;216.090
45-49 a�os;Espa�oles;Hombres;2013;1.646.087
40-44 a�os;Extranjeros;Hombres;2013;307.040
40-44 a�os;Espa�oles;Hombres;2013;1.680.618
35-39 a�os;Extranjeros;Hombres;2013;385.600
35-39 a�os;Espa�oles;Hombres;2013;1.734.836
30-34 a�os;Extranjeros;Hombres;2013;400.166
30-34 a�os;Espa�oles;Hombres;2013;1.508.832
25-29 a�os;Extranjeros;Hombres;2013;291.356
25-29 a�os;Espa�oles;Hombres;2013;1.192.943
20-24 a�os;Extranjeros;Hombres;2013;187.412
20-24 a�os;Espa�oles;Hombres;2013;1.070.454
15-19 a�os;Extranjeros;Hombres;2013;142.640
15-19 a�os;Espa�oles;Hombres;2013;979.955
10-14 a�os;Extranjeros;Hombres;2013;127.240
10-14 a�os;Espa�oles;Hombres;2013;1.020.508
100 a�os y m�s;Extranjeros;Hombres;2013;28
100 a�os y m�s;Espa�oles;Hombres;2013;2.495
0-4 a�os;Extranjeros;Hombres;2013;167.022
0-4 a�os;Espa�oles;Hombres;2013;1.066.629
95-99 a�os;Extranjeros;Mujeres;2013;1.099
95-99 a�os;Espa�oles;Mujeres;2013;54.984
90-94 a�os;Extranjeros;Mujeres;2013;3.884
90-94 a�os;Espa�oles;Mujeres;2013;219.075
85-89 a�os;Extranjeros;Mujeres;2013;8.687
85-89 a�os;Espa�oles;Mujeres;2013;513.598
80-84 a�os;Extranjeros;Mujeres;2013;16.255
80-84 a�os;Espa�oles;Mujeres;2013;816.495
75-79 a�os;Extranjeros;Mujeres;2013;29.638
75-79 a�os;Espa�oles;Mujeres;2013;958.504
70-74 a�os;Extranjeros;Mujeres;2013;50.926
70-74 a�os;Espa�oles;Mujeres;2013;883.934
65-69 a�os;Extranjeros;Mujeres;2013;71.191
65-69 a�os;Espa�oles;Mujeres;2013;1.132.702
60-64 a�os;Extranjeros;Mujeres;2013;84.518
60-64 a�os;Espa�oles;Mujeres;2013;1.215.515
5-9 a�os;Extranjeros;Mujeres;2013;116.267
5-9 a�os;Espa�oles;Mujeres;2013;1.074.115
55-59 a�os;Extranjeros;Mujeres;2013;105.651
55-59 a�os;Espa�oles;Mujeres;2013;1.327.816
50-54 a�os;Extranjeros;Mujeres;2013;141.476
50-54 a�os;Espa�oles;Mujeres;2013;1.521.890
45-49 a�os;Extranjeros;Mujeres;2013;186.720
45-49 a�os;Espa�oles;Mujeres;2013;1.648.054
40-44 a�os;Extranjeros;Mujeres;2013;248.884
40-44 a�os;Espa�oles;Mujeres;2013;1.654.748
35-39 a�os;Extranjeros;Mujeres;2013;315.474
35-39 a�os;Espa�oles;Mujeres;2013;1.689.143
30-34 a�os;Extranjeros;Mujeres;2013;376.330
30-34 a�os;Espa�oles;Mujeres;2013;1.461.176
25-29 a�os;Extranjeros;Mujeres;2013;326.051
25-29 a�os;Espa�oles;Mujeres;2013;1.142.786
20-24 a�os;Extranjeros;Mujeres;2013;201.791
20-24 a�os;Espa�oles;Mujeres;2013;1.016.452
15-19 a�os;Extranjeros;Mujeres;2013;130.111
15-19 a�os;Espa�oles;Mujeres;2013;928.610
10-14 a�os;Extranjeros;Mujeres;2013;119.807
10-14 a�os;Espa�oles;Mujeres;2013;967.395
100 a�os y m�s;Extranjeros;Mujeres;2013;76
100 a�os y m�s;Espa�oles;Mujeres;2013;9.488
0-4 a�os;Extranjeros;Mujeres;2013;156.682
0-4 a�os;Espa�oles;Mujeres;2013;1.005.399
95-99 a�os;Extranjeros;Hombres;2012;822
95-99 a�os;Espa�oles;Hombres;2012;16.100
90-94 a�os;Extranjeros;Hombres;2012;2.857
90-94 a�os;Espa�oles;Hombres;2012;79.054
85-89 a�os;Extranjeros;Hombres;2012;7.593
85-89 a�os;Espa�oles;Hombres;2012;259.941
80-84 a�os;Extranjeros;Hombres;2012;16.174
80-84 a�os;Espa�oles;Hombres;2012;511.116
75-79 a�os;Extranjeros;Hombres;2012;30.727
75-79 a�os;Espa�oles;Hombres;2012;736.007
70-74 a�os;Extranjeros;Hombres;2012;52.679
70-74 a�os;Espa�oles;Hombres;2012;742.508
65-69 a�os;Extranjeros;Hombres;2012;66.341
65-69 a�os;Espa�oles;Hombres;2012;986.355
60-64 a�os;Extranjeros;Hombres;2012;76.716
60-64 a�os;Espa�oles;Hombres;2012;1.130.248
5-9 a�os;Extranjeros;Hombres;2012;123.936
5-9 a�os;Espa�oles;Hombres;2012;1.110.255
55-59 a�os;Extranjeros;Hombres;2012;101.171
55-59 a�os;Espa�oles;Hombres;2012;1.250.083
50-54 a�os;Extranjeros;Hombres;2012;149.746
50-54 a�os;Espa�oles;Hombres;2012;1.475.404
45-49 a�os;Extranjeros;Hombres;2012;214.423
45-49 a�os;Espa�oles;Hombres;2012;1.620.975
40-44 a�os;Extranjeros;Hombres;2012;311.604
40-44 a�os;Espa�oles;Hombres;2012;1.673.072
35-39 a�os;Extranjeros;Hombres;2012;395.363
35-39 a�os;Espa�oles;Hombres;2012;1.735.189
30-34 a�os;Extranjeros;Hombres;2012;435.180
30-34 a�os;Espa�oles;Hombres;2012;1.576.910
25-29 a�os;Extranjeros;Hombres;2012;329.066
25-29 a�os;Espa�oles;Hombres;2012;1.244.625
20-24 a�os;Extranjeros;Hombres;2012;206.368
20-24 a�os;Espa�oles;Hombres;2012;1.083.647
15-19 a�os;Extranjeros;Hombres;2012;149.197
15-19 a�os;Espa�oles;Hombres;2012;997.124
10-14 a�os;Extranjeros;Hombres;2012;136.597
10-14 a�os;Espa�oles;Hombres;2012;1.001.379
100 a�os y m�s;Extranjeros;Hombres;2012;34
100 a�os y m�s;Espa�oles;Hombres;2012;2.252
0-4 a�os;Extranjeros;Hombres;2012;168.914
0-4 a�os;Espa�oles;Hombres;2012;1.090.604
95-99 a�os;Extranjeros;Mujeres;2012;1.152
95-99 a�os;Espa�oles;Mujeres;2012;53.963
90-94 a�os;Extranjeros;Mujeres;2012;3.732
90-94 a�os;Espa�oles;Mujeres;2012;204.162
85-89 a�os;Extranjeros;Mujeres;2012;8.705
85-89 a�os;Espa�oles;Mujeres;2012;504.848
80-84 a�os;Extranjeros;Mujeres;2012;15.954
80-84 a�os;Espa�oles;Mujeres;2012;794.331
75-79 a�os;Extranjeros;Mujeres;2012;28.256
75-79 a�os;Espa�oles;Mujeres;2012;983.135
70-74 a�os;Extranjeros;Mujeres;2012;49.642
70-74 a�os;Espa�oles;Mujeres;2012;888.922
65-69 a�os;Extranjeros;Mujeres;2012;69.805
65-69 a�os;Espa�oles;Mujeres;2012;1.096.159
60-64 a�os;Extranjeros;Mujeres;2012;86.212
60-64 a�os;Espa�oles;Mujeres;2012;1.200.112
5-9 a�os;Extranjeros;Mujeres;2012;116.998
5-9 a�os;Espa�oles;Mujeres;2012;1.053.123
55-59 a�os;Extranjeros;Mujeres;2012;105.146
55-59 a�os;Espa�oles;Mujeres;2012;1.291.359
50-54 a�os;Extranjeros;Mujeres;2012;141.222
50-54 a�os;Espa�oles;Mujeres;2012;1.501.329
45-49 a�os;Extranjeros;Mujeres;2012;184.833
45-49 a�os;Espa�oles;Mujeres;2012;1.623.062
40-44 a�os;Extranjeros;Mujeres;2012;251.433
40-44 a�os;Espa�oles;Mujeres;2012;1.649.850
35-39 a�os;Extranjeros;Mujeres;2012;315.576
35-39 a�os;Espa�oles;Mujeres;2012;1.690.142
30-34 a�os;Extranjeros;Mujeres;2012;388.746
30-34 a�os;Espa�oles;Mujeres;2012;1.523.337
25-29 a�os;Extranjeros;Mujeres;2012;349.789
25-29 a�os;Espa�oles;Mujeres;2012;1.192.031
20-24 a�os;Extranjeros;Mujeres;2012;220.845
20-24 a�os;Espa�oles;Mujeres;2012;1.028.038
15-19 a�os;Extranjeros;Mujeres;2012;136.021
15-19 a�os;Espa�oles;Mujeres;2012;945.208
10-14 a�os;Extranjeros;Mujeres;2012;128.955
10-14 a�os;Espa�oles;Mujeres;2012;947.777
100 a�os y m�s;Extranjeros;Mujeres;2012;72
100 a�os y m�s;Espa�oles;Mujeres;2012;8.798
0-4 a�os;Extranjeros;Mujeres;2012;157.656
0-4 a�os;Espa�oles;Mujeres;2012;1.026.529
95-99 a�os;Extranjeros;Hombres;2011;734
95-99 a�os;Espa�oles;Hombres;2011;15.582
90-94 a�os;Extranjeros;Hombres;2011;2.321
90-94 a�os;Espa�oles;Hombres;2011;71.338
85-89 a�os;Extranjeros;Hombres;2011;6.986
85-89 a�os;Espa�oles;Hombres;2011;248.622
80-84 a�os;Extranjeros;Hombres;2011;14.579
80-84 a�os;Espa�oles;Hombres;2011;496.200
75-79 a�os;Extranjeros;Hombres;2011;27.514
75-79 a�os;Espa�oles;Hombres;2011;732.500
70-74 a�os;Extranjeros;Hombres;2011;49.546
70-74 a�os;Espa�oles;Hombres;2011;768.097
65-69 a�os;Extranjeros;Hombres;2011;63.119
65-69 a�os;Espa�oles;Hombres;2011;950.339
60-64 a�os;Extranjeros;Hombres;2011;74.872
60-64 a�os;Espa�oles;Hombres;2011;1.120.187
5-9 a�os;Extranjeros;Hombres;2011;123.833
5-9 a�os;Espa�oles;Hombres;2011;1.084.910
55-59 a�os;Extranjeros;Hombres;2011;95.435
55-59 a�os;Espa�oles;Hombres;2011;1.221.797
50-54 a�os;Extranjeros;Hombres;2011;145.109
50-54 a�os;Espa�oles;Hombres;2011;1.442.667
45-49 a�os;Extranjeros;Hombres;2011;207.800
45-49 a�os;Espa�oles;Hombres;2011;1.594.040
40-44 a�os;Extranjeros;Hombres;2011;304.505
40-44 a�os;Espa�oles;Hombres;2011;1.662.503
35-39 a�os;Extranjeros;Hombres;2011;391.074
35-39 a�os;Espa�oles;Hombres;2011;1.721.217
30-34 a�os;Extranjeros;Hombres;2011;452.496
30-34 a�os;Espa�oles;Hombres;2011;1.636.406
25-29 a�os;Extranjeros;Hombres;2011;357.778
25-29 a�os;Espa�oles;Hombres;2011;1.304.861
20-24 a�os;Extranjeros;Hombres;2011;220.606
20-24 a�os;Espa�oles;Hombres;2011;1.105.752
15-19 a�os;Extranjeros;Hombres;2011;152.700
15-19 a�os;Espa�oles;Hombres;2011;1.015.027
10-14 a�os;Extranjeros;Hombres;2011;142.854
10-14 a�os;Espa�oles;Hombres;2011;981.605
100 a�os y m�s;Extranjeros;Hombres;2011;51
100 a�os y m�s;Espa�oles;Hombres;2011;2.086
0-4 a�os;Extranjeros;Hombres;2011;164.795
0-4 a�os;Espa�oles;Hombres;2011;1.108.744
95-99 a�os;Extranjeros;Mujeres;2011;1.073
95-99 a�os;Espa�oles;Mujeres;2011;52.684
90-94 a�os;Extranjeros;Mujeres;2011;3.123
90-94 a�os;Espa�oles;Mujeres;2011;191.318
85-89 a�os;Extranjeros;Mujeres;2011;8.097
85-89 a�os;Espa�oles;Mujeres;2011;485.560
80-84 a�os;Extranjeros;Mujeres;2011;14.858
80-84 a�os;Espa�oles;Mujeres;2011;780.746
75-79 a�os;Extranjeros;Mujeres;2011;25.332
75-79 a�os;Espa�oles;Mujeres;2011;977.243
70-74 a�os;Extranjeros;Mujeres;2011;45.803
70-74 a�os;Espa�oles;Mujeres;2011;930.694
65-69 a�os;Extranjeros;Mujeres;2011;65.284
65-69 a�os;Espa�oles;Mujeres;2011;1.053.992
60-64 a�os;Extranjeros;Mujeres;2011;84.272
60-64 a�os;Espa�oles;Mujeres;2011;1.191.580
5-9 a�os;Extranjeros;Mujeres;2011;116.850
5-9 a�os;Espa�oles;Mujeres;2011;1.030.762
55-59 a�os;Extranjeros;Mujeres;2011;100.604
55-59 a�os;Espa�oles;Mujeres;2011;1.259.978
50-54 a�os;Extranjeros;Mujeres;2011;137.169
50-54 a�os;Espa�oles;Mujeres;2011;1.466.489
45-49 a�os;Extranjeros;Mujeres;2011;181.280
45-49 a�os;Espa�oles;Mujeres;2011;1.597.401
40-44 a�os;Extranjeros;Mujeres;2011;245.431
40-44 a�os;Espa�oles;Mujeres;2011;1.641.006
35-39 a�os;Extranjeros;Mujeres;2011;309.045
35-39 a�os;Espa�oles;Mujeres;2011;1.674.457
30-34 a�os;Extranjeros;Mujeres;2011;390.067
30-34 a�os;Espa�oles;Mujeres;2011;1.580.443
25-29 a�os;Extranjeros;Mujeres;2011;363.172
25-29 a�os;Espa�oles;Mujeres;2011;1.248.456
20-24 a�os;Extranjeros;Mujeres;2011;233.806
20-24 a�os;Espa�oles;Mujeres;2011;1.051.093
15-19 a�os;Extranjeros;Mujeres;2011;138.712
15-19 a�os;Espa�oles;Mujeres;2011;961.465
10-14 a�os;Extranjeros;Mujeres;2011;134.465
10-14 a�os;Espa�oles;Mujeres;2011;928.339
100 a�os y m�s;Extranjeros;Mujeres;2011;91
100 a�os y m�s;Espa�oles;Mujeres;2011;8.045
0-4 a�os;Extranjeros;Mujeres;2011;154.246
0-4 a�os;Espa�oles;Mujeres;2011;1.042.775
95-99 a�os;Extranjeros;Hombres;2010;681
95-99 a�os;Espa�oles;Hombres;2010;15.070
90-94 a�os;Extranjeros;Hombres;2010;1.866
90-94 a�os;Espa�oles;Hombres;2010;66.004
85-89 a�os;Extranjeros;Hombres;2010;6.402
85-89 a�os;Espa�oles;Hombres;2010;236.143
80-84 a�os;Extranjeros;Hombres;2010;13.299
80-84 a�os;Espa�oles;Hombres;2010;476.566
75-79 a�os;Extranjeros;Hombres;2010;25.226
75-79 a�os;Espa�oles;Hombres;2010;729.529
70-74 a�os;Extranjeros;Hombres;2010;45.856
70-74 a�os;Espa�oles;Hombres;2010;754.384
65-69 a�os;Extranjeros;Hombres;2010;61.939
65-69 a�os;Espa�oles;Hombres;2010;938.509
60-64 a�os;Extranjeros;Hombres;2010;71.570
60-64 a�os;Espa�oles;Hombres;2010;1.125.601
5-9 a�os;Extranjeros;Hombres;2010;126.636
5-9 a�os;Espa�oles;Hombres;2010;1.061.733
55-59 a�os;Extranjeros;Hombres;2010;90.740
55-59 a�os;Espa�oles;Hombres;2010;1.194.596
50-54 a�os;Extranjeros;Hombres;2010;137.716
50-54 a�os;Espa�oles;Hombres;2010;1.399.002
45-49 a�os;Extranjeros;Hombres;2010;202.935
45-49 a�os;Espa�oles;Hombres;2010;1.570.530
40-44 a�os;Extranjeros;Hombres;2010;293.290
40-44 a�os;Espa�oles;Hombres;2010;1.654.422
35-39 a�os;Extranjeros;Hombres;2010;387.924
35-39 a�os;Espa�oles;Hombres;2010;1.701.152
30-34 a�os;Extranjeros;Hombres;2010;461.358
30-34 a�os;Espa�oles;Hombres;2010;1.679.602
25-29 a�os;Extranjeros;Hombres;2010;392.526
25-29 a�os;Espa�oles;Hombres;2010;1.366.314
20-24 a�os;Extranjeros;Hombres;2010;241.049
20-24 a�os;Espa�oles;Hombres;2010;1.129.981
15-19 a�os;Extranjeros;Hombres;2010;154.561
15-19 a�os;Espa�oles;Hombres;2010;1.031.209
10-14 a�os;Extranjeros;Hombres;2010;144.905
10-14 a�os;Espa�oles;Hombres;2010;963.922
100 a�os y m�s;Extranjeros;Hombres;2010;73
100 a�os y m�s;Espa�oles;Hombres;2010;1.884
0-4 a�os;Extranjeros;Hombres;2010;157.383
0-4 a�os;Espa�oles;Hombres;2010;1.112.097
95-99 a�os;Extranjeros;Mujeres;2010;989
95-99 a�os;Espa�oles;Mujeres;2010;50.573
90-94 a�os;Extranjeros;Mujeres;2010;2.599
90-94 a�os;Espa�oles;Mujeres;2010;178.662
85-89 a�os;Extranjeros;Mujeres;2010;7.588
85-89 a�os;Espa�oles;Mujeres;2010;467.802
80-84 a�os;Extranjeros;Mujeres;2010;13.761
80-84 a�os;Espa�oles;Mujeres;2010;755.934
75-79 a�os;Extranjeros;Mujeres;2010;23.489
75-79 a�os;Espa�oles;Mujeres;2010;980.114
70-74 a�os;Extranjeros;Mujeres;2010;41.814
70-74 a�os;Espa�oles;Mujeres;2010;921.912
65-69 a�os;Extranjeros;Mujeres;2010;63.049
65-69 a�os;Espa�oles;Mujeres;2010;1.042.137
60-64 a�os;Extranjeros;Mujeres;2010;80.168
60-64 a�os;Espa�oles;Mujeres;2010;1.200.393
5-9 a�os;Extranjeros;Mujeres;2010;120.015
5-9 a�os;Espa�oles;Mujeres;2010;1.006.053
55-59 a�os;Extranjeros;Mujeres;2010;96.534
55-59 a�os;Espa�oles;Mujeres;2010;1.230.006
50-54 a�os;Extranjeros;Mujeres;2010;130.839
50-54 a�os;Espa�oles;Mujeres;2010;1.420.973
45-49 a�os;Extranjeros;Mujeres;2010;175.723
45-49 a�os;Espa�oles;Mujeres;2010;1.573.962
40-44 a�os;Extranjeros;Mujeres;2010;236.140
40-44 a�os;Espa�oles;Mujeres;2010;1.635.609
35-39 a�os;Extranjeros;Mujeres;2010;301.711
35-39 a�os;Espa�oles;Mujeres;2010;1.655.332
30-34 a�os;Extranjeros;Mujeres;2010;383.598
30-34 a�os;Espa�oles;Mujeres;2010;1.619.015
25-29 a�os;Extranjeros;Mujeres;2010;378.141
25-29 a�os;Espa�oles;Mujeres;2010;1.307.454
20-24 a�os;Extranjeros;Mujeres;2010;249.537
20-24 a�os;Espa�oles;Mujeres;2010;1.074.656
15-19 a�os;Extranjeros;Mujeres;2010;140.263
15-19 a�os;Espa�oles;Mujeres;2010;977.395
10-14 a�os;Extranjeros;Mujeres;2010;137.049
10-14 a�os;Espa�oles;Mujeres;2010;912.464
100 a�os y m�s;Extranjeros;Mujeres;2010;114
100 a�os y m�s;Espa�oles;Mujeres;2010;7.196
0-4 a�os;Extranjeros;Mujeres;2010;146.678
0-4 a�os;Espa�oles;Mujeres;2010;1.047.405
95-99 a�os;Extranjeros;Hombres;2009;562
95-99 a�os;Espa�oles;Hombres;2009;14.362
90-94 a�os;Extranjeros;Hombres;2009;1.606
90-94 a�os;Espa�oles;Hombres;2009;63.792
85-89 a�os;Extranjeros;Hombres;2009;5.592
85-89 a�os;Espa�oles;Hombres;2009;220.554
80-84 a�os;Extranjeros;Hombres;2009;12.056
80-84 a�os;Espa�oles;Hombres;2009;460.874
75-79 a�os;Extranjeros;Hombres;2009;22.826
75-79 a�os;Espa�oles;Hombres;2009;721.108
70-74 a�os;Extranjeros;Hombres;2009;41.549
70-74 a�os;Espa�oles;Hombres;2009;809.079
65-69 a�os;Extranjeros;Hombres;2009;58.614
65-69 a�os;Espa�oles;Hombres;2009;869.313
60-64 a�os;Extranjeros;Hombres;2009;68.756
60-64 a�os;Espa�oles;Hombres;2009;1.110.978
5-9 a�os;Extranjeros;Hombres;2009;127.009
5-9 a�os;Espa�oles;Hombres;2009;1.031.013
55-59 a�os;Extranjeros;Hombres;2009;85.194
55-59 a�os;Espa�oles;Hombres;2009;1.188.988
50-54 a�os;Extranjeros;Hombres;2009;129.456
50-54 a�os;Espa�oles;Hombres;2009;1.349.990
45-49 a�os;Extranjeros;Hombres;2009;193.123
45-49 a�os;Espa�oles;Hombres;2009;1.535.412
40-44 a�os;Extranjeros;Hombres;2009;281.011
40-44 a�os;Espa�oles;Hombres;2009;1.655.386
35-39 a�os;Extranjeros;Hombres;2009;378.255
35-39 a�os;Espa�oles;Hombres;2009;1.681.922
30-34 a�os;Extranjeros;Hombres;2009;463.287
30-34 a�os;Espa�oles;Hombres;2009;1.710.468
25-29 a�os;Extranjeros;Hombres;2009;420.279
25-29 a�os;Espa�oles;Hombres;2009;1.429.554
20-24 a�os;Extranjeros;Hombres;2009;261.034
20-24 a�os;Espa�oles;Hombres;2009;1.160.504
15-19 a�os;Extranjeros;Hombres;2009;153.922
15-19 a�os;Espa�oles;Hombres;2009;1.049.812
10-14 a�os;Extranjeros;Hombres;2009;141.873
10-14 a�os;Espa�oles;Hombres;2009;956.856
100 a�os y m�s;Extranjeros;Hombres;2009;40
100 a�os y m�s;Espa�oles;Hombres;2009;1.688
0-4 a�os;Extranjeros;Hombres;2009;146.592
0-4 a�os;Espa�oles;Hombres;2009;1.102.699
95-99 a�os;Extranjeros;Mujeres;2009;834
95-99 a�os;Espa�oles;Mujeres;2009;47.928
90-94 a�os;Extranjeros;Mujeres;2009;2.269
90-94 a�os;Espa�oles;Mujeres;2009;174.459
85-89 a�os;Extranjeros;Mujeres;2009;6.814
85-89 a�os;Espa�oles;Mujeres;2009;441.908
80-84 a�os;Extranjeros;Mujeres;2009;12.621
80-84 a�os;Espa�oles;Mujeres;2009;739.642
75-79 a�os;Extranjeros;Mujeres;2009;21.368
75-79 a�os;Espa�oles;Mujeres;2009;972.939
70-74 a�os;Extranjeros;Mujeres;2009;37.651
70-74 a�os;Espa�oles;Mujeres;2009;986.919
65-69 a�os;Extranjeros;Mujeres;2009;58.451
65-69 a�os;Espa�oles;Mujeres;2009;968.965
60-64 a�os;Extranjeros;Mujeres;2009;76.516
60-64 a�os;Espa�oles;Mujeres;2009;1.185.561
5-9 a�os;Extranjeros;Mujeres;2009;120.452
5-9 a�os;Espa�oles;Mujeres;2009;977.143
55-59 a�os;Extranjeros;Mujeres;2009;91.596
55-59 a�os;Espa�oles;Mujeres;2009;1.223.193
50-54 a�os;Extranjeros;Mujeres;2009;123.447
50-54 a�os;Espa�oles;Mujeres;2009;1.373.115
45-49 a�os;Extranjeros;Mujeres;2009;166.972
45-49 a�os;Espa�oles;Mujeres;2009;1.539.197
40-44 a�os;Extranjeros;Mujeres;2009;224.019
40-44 a�os;Espa�oles;Mujeres;2009;1.639.076
35-39 a�os;Extranjeros;Mujeres;2009;289.347
35-39 a�os;Espa�oles;Mujeres;2009;1.637.695
30-34 a�os;Extranjeros;Mujeres;2009;368.569
30-34 a�os;Espa�oles;Mujeres;2009;1.647.721
25-29 a�os;Extranjeros;Mujeres;2009;383.151
25-29 a�os;Espa�oles;Mujeres;2009;1.368.783
20-24 a�os;Extranjeros;Mujeres;2009;260.358
20-24 a�os;Espa�oles;Mujeres;2009;1.103.929
15-19 a�os;Extranjeros;Mujeres;2009;140.507
15-19 a�os;Espa�oles;Mujeres;2009;994.940
10-14 a�os;Extranjeros;Mujeres;2009;133.665
10-14 a�os;Espa�oles;Mujeres;2009;905.824
100 a�os y m�s;Extranjeros;Mujeres;2009;77
100 a�os y m�s;Espa�oles;Mujeres;2009;6.444
0-4 a�os;Extranjeros;Mujeres;2009;137.351
0-4 a�os;Espa�oles;Mujeres;2009;1.037.403
95-99 a�os;Extranjeros;Hombres;2008;462
95-99 a�os;Espa�oles;Hombres;2008;13.969
90-94 a�os;Extranjeros;Hombres;2008;1.432
90-94 a�os;Espa�oles;Hombres;2008;62.675
85-89 a�os;Extranjeros;Hombres;2008;4.778
85-89 a�os;Espa�oles;Hombres;2008;204.507
80-84 a�os;Extranjeros;Hombres;2008;10.765
80-84 a�os;Espa�oles;Hombres;2008;446.257
75-79 a�os;Extranjeros;Hombres;2008;20.775
75-79 a�os;Espa�oles;Hombres;2008;706.576
70-74 a�os;Extranjeros;Hombres;2008;36.456
70-74 a�os;Espa�oles;Hombres;2008;851.335
65-69 a�os;Extranjeros;Hombres;2008;54.941
65-69 a�os;Espa�oles;Hombres;2008;821.858
60-64 a�os;Extranjeros;Hombres;2008;64.018
60-64 a�os;Espa�oles;Hombres;2008;1.083.890
5-9 a�os;Extranjeros;Hombres;2008;122.031
5-9 a�os;Espa�oles;Hombres;2008;999.694
55-59 a�os;Extranjeros;Hombres;2008;78.422
55-59 a�os;Espa�oles;Hombres;2008;1.193.702
50-54 a�os;Extranjeros;Hombres;2008;116.547
50-54 a�os;Espa�oles;Hombres;2008;1.311.776
45-49 a�os;Extranjeros;Hombres;2008;176.972
45-49 a�os;Espa�oles;Hombres;2008;1.510.642
40-44 a�os;Extranjeros;Hombres;2008;254.308
40-44 a�os;Espa�oles;Hombres;2008;1.645.127
35-39 a�os;Extranjeros;Hombres;2008;355.013
35-39 a�os;Espa�oles;Hombres;2008;1.668.213
30-34 a�os;Extranjeros;Hombres;2008;430.159
30-34 a�os;Espa�oles;Hombres;2008;1.719.068
25-29 a�os;Extranjeros;Hombres;2008;412.160
25-29 a�os;Espa�oles;Hombres;2008;1.502.920
20-24 a�os;Extranjeros;Hombres;2008;254.990
20-24 a�os;Espa�oles;Hombres;2008;1.196.470
15-19 a�os;Extranjeros;Hombres;2008;146.353
15-19 a�os;Espa�oles;Hombres;2008;1.064.825
10-14 a�os;Extranjeros;Hombres;2008;131.808
10-14 a�os;Espa�oles;Hombres;2008;964.520
100 a�os y m�s;Extranjeros;Hombres;2008;29
100 a�os y m�s;Espa�oles;Hombres;2008;1.486
0-4 a�os;Extranjeros;Hombres;2008;130.254
0-4 a�os;Espa�oles;Hombres;2008;1.075.554
95-99 a�os;Extranjeros;Mujeres;2008;684
95-99 a�os;Espa�oles;Mujeres;2008;45.433
90-94 a�os;Extranjeros;Mujeres;2008;2.164
90-94 a�os;Espa�oles;Mujeres;2008;169.377
85-89 a�os;Extranjeros;Mujeres;2008;5.953
85-89 a�os;Espa�oles;Mujeres;2008;419.278
80-84 a�os;Extranjeros;Mujeres;2008;11.465
80-84 a�os;Espa�oles;Mujeres;2008;717.258
75-79 a�os;Extranjeros;Mujeres;2008;19.318
75-79 a�os;Espa�oles;Mujeres;2008;956.649
70-74 a�os;Extranjeros;Mujeres;2008;33.072
70-74 a�os;Espa�oles;Mujeres;2008;1.036.079
65-69 a�os;Extranjeros;Mujeres;2008;53.425
65-69 a�os;Espa�oles;Mujeres;2008;918.656
60-64 a�os;Extranjeros;Mujeres;2008;70.403
60-64 a�os;Espa�oles;Mujeres;2008;1.154.293
5-9 a�os;Extranjeros;Mujeres;2008;115.577
5-9 a�os;Espa�oles;Mujeres;2008;943.572
55-59 a�os;Extranjeros;Mujeres;2008;85.208
55-59 a�os;Espa�oles;Mujeres;2008;1.227.124
50-54 a�os;Extranjeros;Mujeres;2008;112.364
50-54 a�os;Espa�oles;Mujeres;2008;1.329.686
45-49 a�os;Extranjeros;Mujeres;2008;152.883
45-49 a�os;Espa�oles;Mujeres;2008;1.512.953
40-44 a�os;Extranjeros;Mujeres;2008;203.991
40-44 a�os;Espa�oles;Mujeres;2008;1.625.402
35-39 a�os;Extranjeros;Mujeres;2008;269.197
35-39 a�os;Espa�oles;Mujeres;2008;1.622.147
30-34 a�os;Extranjeros;Mujeres;2008;336.573
30-34 a�os;Espa�oles;Mujeres;2008;1.650.660
25-29 a�os;Extranjeros;Mujeres;2008;364.546
25-29 a�os;Espa�oles;Mujeres;2008;1.434.999
20-24 a�os;Extranjeros;Mujeres;2008;249.810
20-24 a�os;Espa�oles;Mujeres;2008;1.137.868
15-19 a�os;Extranjeros;Mujeres;2008;134.707
15-19 a�os;Espa�oles;Mujeres;2008;1.008.619
10-14 a�os;Extranjeros;Mujeres;2008;123.576
10-14 a�os;Espa�oles;Mujeres;2008;915.465
100 a�os y m�s;Extranjeros;Mujeres;2008;60
100 a�os y m�s;Espa�oles;Mujeres;2008;5.753
0-4 a�os;Extranjeros;Mujeres;2008;121.113
0-4 a�os;Espa�oles;Mujeres;2008;1.012.725
95-99 a�os;Extranjeros;Hombres;2007;357
95-99 a�os;Espa�oles;Hombres;2007;13.487
90-94 a�os;Extranjeros;Hombres;2007;1.308
90-94 a�os;Espa�oles;Hombres;2007;62.047
85-89 a�os;Extranjeros;Hombres;2007;3.987
85-89 a�os;Espa�oles;Hombres;2007;187.739
80-84 a�os;Extranjeros;Hombres;2007;9.364
80-84 a�os;Espa�oles;Hombres;2007;434.678
75-79 a�os;Extranjeros;Hombres;2007;18.090
75-79 a�os;Espa�oles;Hombres;2007;684.324
70-74 a�os;Extranjeros;Hombres;2007;31.388
70-74 a�os;Espa�oles;Hombres;2007;871.753
65-69 a�os;Extranjeros;Hombres;2007;48.702
65-69 a�os;Espa�oles;Hombres;2007;821.097
60-64 a�os;Extranjeros;Hombres;2007;56.027
60-64 a�os;Espa�oles;Hombres;2007;1.047.557
5-9 a�os;Extranjeros;Hombres;2007;108.742
5-9 a�os;Espa�oles;Hombres;2007;978.668
55-59 a�os;Extranjeros;Hombres;2007;67.799
55-59 a�os;Espa�oles;Hombres;2007;1.174.765
50-54 a�os;Extranjeros;Hombres;2007;97.143
50-54 a�os;Espa�oles;Hombres;2007;1.277.937
45-49 a�os;Extranjeros;Hombres;2007;148.651
45-49 a�os;Espa�oles;Hombres;2007;1.488.256
40-44 a�os;Extranjeros;Hombres;2007;215.574
40-44 a�os;Espa�oles;Hombres;2007;1.616.513
35-39 a�os;Extranjeros;Hombres;2007;303.124
35-39 a�os;Espa�oles;Hombres;2007;1.656.050
30-34 a�os;Extranjeros;Hombres;2007;368.107
30-34 a�os;Espa�oles;Hombres;2007;1.716.431
25-29 a�os;Extranjeros;Hombres;2007;360.260
25-29 a�os;Espa�oles;Hombres;2007;1.566.416
20-24 a�os;Extranjeros;Hombres;2007;213.795
20-24 a�os;Espa�oles;Hombres;2007;1.244.002
15-19 a�os;Extranjeros;Hombres;2007;123.325
15-19 a�os;Espa�oles;Hombres;2007;1.075.270
10-14 a�os;Extranjeros;Hombres;2007;113.036
10-14 a�os;Espa�oles;Hombres;2007;979.766
100 a�os y m�s;Extranjeros;Hombres;2007;38
100 a�os y m�s;Espa�oles;Hombres;2007;1.609
0-4 a�os;Extranjeros;Hombres;2007;106.868
0-4 a�os;Espa�oles;Hombres;2007;1.045.912
95-99 a�os;Extranjeros;Mujeres;2007;546
95-99 a�os;Espa�oles;Mujeres;2007;42.896
90-94 a�os;Extranjeros;Mujeres;2007;1.954
90-94 a�os;Espa�oles;Mujeres;2007;166.491
85-89 a�os;Extranjeros;Mujeres;2007;4.964
85-89 a�os;Espa�oles;Mujeres;2007;391.746
80-84 a�os;Extranjeros;Mujeres;2007;10.269
80-84 a�os;Espa�oles;Mujeres;2007;706.762
75-79 a�os;Extranjeros;Mujeres;2007;17.062
75-79 a�os;Espa�oles;Mujeres;2007;932.579
70-74 a�os;Extranjeros;Mujeres;2007;28.305
70-74 a�os;Espa�oles;Mujeres;2007;1.062.307
65-69 a�os;Extranjeros;Mujeres;2007;46.447
65-69 a�os;Espa�oles;Mujeres;2007;923.218
60-64 a�os;Extranjeros;Mujeres;2007;60.838
60-64 a�os;Espa�oles;Mujeres;2007;1.116.059
5-9 a�os;Extranjeros;Mujeres;2007;102.786
5-9 a�os;Espa�oles;Mujeres;2007;924.462
55-59 a�os;Extranjeros;Mujeres;2007;74.811
55-59 a�os;Espa�oles;Mujeres;2007;1.209.900
50-54 a�os;Extranjeros;Mujeres;2007;95.636
50-54 a�os;Espa�oles;Mujeres;2007;1.292.161
45-49 a�os;Extranjeros;Mujeres;2007;131.314
45-49 a�os;Espa�oles;Mujeres;2007;1.491.366
40-44 a�os;Extranjeros;Mujeres;2007;175.740
40-44 a�os;Espa�oles;Mujeres;2007;1.598.862
35-39 a�os;Extranjeros;Mujeres;2007;233.608
35-39 a�os;Espa�oles;Mujeres;2007;1.613.774
30-34 a�os;Extranjeros;Mujeres;2007;288.349
30-34 a�os;Espa�oles;Mujeres;2007;1.649.334
25-29 a�os;Extranjeros;Mujeres;2007;317.176
25-29 a�os;Espa�oles;Mujeres;2007;1.492.819
20-24 a�os;Extranjeros;Mujeres;2007;213.668
20-24 a�os;Espa�oles;Mujeres;2007;1.183.380
15-19 a�os;Extranjeros;Mujeres;2007;114.606
15-19 a�os;Espa�oles;Mujeres;2007;1.017.676
10-14 a�os;Extranjeros;Mujeres;2007;106.206
10-14 a�os;Espa�oles;Mujeres;2007;929.639
100 a�os y m�s;Extranjeros;Mujeres;2007;62
100 a�os y m�s;Espa�oles;Mujeres;2007;6.250
0-4 a�os;Extranjeros;Mujeres;2007;99.522
0-4 a�os;Espa�oles;Mujeres;2007;985.225
95-99 a�os;Extranjeros;Hombres;2006;319
95-99 a�os;Espa�oles;Hombres;2006;13.740
90-94 a�os;Extranjeros;Hombres;2006;1.304
90-94 a�os;Espa�oles;Hombres;2006;62.216
85-89 a�os;Extranjeros;Hombres;2006;3.451
85-89 a�os;Espa�oles;Hombres;2006;172.654
80-84 a�os;Extranjeros;Hombres;2006;8.846
80-84 a�os;Espa�oles;Hombres;2006;419.840
75-79 a�os;Extranjeros;Hombres;2006;16.525
75-79 a�os;Espa�oles;Hombres;2006;669.599
70-74 a�os;Extranjeros;Hombres;2006;27.710
70-74 a�os;Espa�oles;Hombres;2006;869.542
65-69 a�os;Extranjeros;Hombres;2006;44.034
65-69 a�os;Espa�oles;Hombres;2006;852.258
60-64 a�os;Extranjeros;Hombres;2006;50.270
60-64 a�os;Espa�oles;Hombres;2006;1.008.751
5-9 a�os;Extranjeros;Hombres;2006;100.749
5-9 a�os;Espa�oles;Hombres;2006;957.730
55-59 a�os;Extranjeros;Hombres;2006;61.135
55-59 a�os;Espa�oles;Hombres;2006;1.164.510
50-54 a�os;Extranjeros;Hombres;2006;85.095
50-54 a�os;Espa�oles;Hombres;2006;1.249.211
45-49 a�os;Extranjeros;Hombres;2006;135.270
45-49 a�os;Espa�oles;Hombres;2006;1.455.625
40-44 a�os;Extranjeros;Hombres;2006;196.517
40-44 a�os;Espa�oles;Hombres;2006;1.591.199
35-39 a�os;Extranjeros;Hombres;2006;280.232
35-39 a�os;Espa�oles;Hombres;2006;1.647.533
30-34 a�os;Extranjeros;Hombres;2006;343.607
30-34 a�os;Espa�oles;Hombres;2006;1.704.581
25-29 a�os;Extranjeros;Hombres;2006;348.485
25-29 a�os;Espa�oles;Hombres;2006;1.625.650
20-24 a�os;Extranjeros;Hombres;2006;203.940
20-24 a�os;Espa�oles;Hombres;2006;1.300.449
15-19 a�os;Extranjeros;Hombres;2006;110.492
15-19 a�os;Espa�oles;Hombres;2006;1.094.588
10-14 a�os;Extranjeros;Hombres;2006;101.581
10-14 a�os;Espa�oles;Hombres;2006;998.817
100 a�os y m�s;Extranjeros;Hombres;2006;129
100 a�os y m�s;Espa�oles;Hombres;2006;2.362
0-4 a�os;Extranjeros;Hombres;2006;95.778
0-4 a�os;Espa�oles;Hombres;2006;1.024.142
95-99 a�os;Extranjeros;Mujeres;2006;494
95-99 a�os;Espa�oles;Mujeres;2006;42.855
90-94 a�os;Extranjeros;Mujeres;2006;1.938
90-94 a�os;Espa�oles;Mujeres;2006;164.671
85-89 a�os;Extranjeros;Mujeres;2006;4.426
85-89 a�os;Espa�oles;Mujeres;2006;373.479
80-84 a�os;Extranjeros;Mujeres;2006;9.777
80-84 a�os;Espa�oles;Mujeres;2006;684.736
75-79 a�os;Extranjeros;Mujeres;2006;16.305
75-79 a�os;Espa�oles;Mujeres;2006;920.849
70-74 a�os;Extranjeros;Mujeres;2006;25.649
70-74 a�os;Espa�oles;Mujeres;2006;1.055.497
65-69 a�os;Extranjeros;Mujeres;2006;42.096
65-69 a�os;Espa�oles;Mujeres;2006;969.505
60-64 a�os;Extranjeros;Mujeres;2006;54.258
60-64 a�os;Espa�oles;Mujeres;2006;1.072.148
5-9 a�os;Extranjeros;Mujeres;2006;95.088
5-9 a�os;Espa�oles;Mujeres;2006;906.461
55-59 a�os;Extranjeros;Mujeres;2006;68.337
55-59 a�os;Espa�oles;Mujeres;2006;1.201.254
50-54 a�os;Extranjeros;Mujeres;2006;85.085
50-54 a�os;Espa�oles;Mujeres;2006;1.260.925
45-49 a�os;Extranjeros;Mujeres;2006;117.766
45-49 a�os;Espa�oles;Mujeres;2006;1.458.762
40-44 a�os;Extranjeros;Mujeres;2006;159.919
40-44 a�os;Espa�oles;Mujeres;2006;1.576.871
35-39 a�os;Extranjeros;Mujeres;2006;211.190
35-39 a�os;Espa�oles;Mujeres;2006;1.610.022
30-34 a�os;Extranjeros;Mujeres;2006;261.593
30-34 a�os;Espa�oles;Mujeres;2006;1.637.958
25-29 a�os;Extranjeros;Mujeres;2006;291.714
25-29 a�os;Espa�oles;Mujeres;2006;1.551.867
20-24 a�os;Extranjeros;Mujeres;2006;195.756
20-24 a�os;Espa�oles;Mujeres;2006;1.236.448
15-19 a�os;Extranjeros;Mujeres;2006;102.409
15-19 a�os;Espa�oles;Mujeres;2006;1.037.755
10-14 a�os;Extranjeros;Mujeres;2006;95.236
10-14 a�os;Espa�oles;Mujeres;2006;944.764
100 a�os y m�s;Extranjeros;Mujeres;2006;163
100 a�os y m�s;Espa�oles;Mujeres;2006;7.423
0-4 a�os;Extranjeros;Mujeres;2006;89.498
0-4 a�os;Espa�oles;Mujeres;2006;965.551
95-99 a�os;Extranjeros;Hombres;2005;250
95-99 a�os;Espa�oles;Hombres;2005;12.985
90-94 a�os;Extranjeros;Hombres;2005;1.201
90-94 a�os;Espa�oles;Hombres;2005;61.208
85-89 a�os;Extranjeros;Hombres;2005;2.842
85-89 a�os;Espa�oles;Hombres;2005;163.537
80-84 a�os;Extranjeros;Hombres;2005;8.018
80-84 a�os;Espa�oles;Hombres;2005;403.717
75-79 a�os;Extranjeros;Hombres;2005;14.593
75-79 a�os;Espa�oles;Hombres;2005;648.710
70-74 a�os;Extranjeros;Hombres;2005;24.432
70-74 a�os;Espa�oles;Hombres;2005;870.410
65-69 a�os;Extranjeros;Hombres;2005;38.024
65-69 a�os;Espa�oles;Hombres;2005;838.894
60-64 a�os;Extranjeros;Hombres;2005;45.087
60-64 a�os;Espa�oles;Hombres;2005;996.454
5-9 a�os;Extranjeros;Hombres;2005;93.540
5-9 a�os;Espa�oles;Hombres;2005;939.633
55-59 a�os;Extranjeros;Hombres;2005;52.355
55-59 a�os;Espa�oles;Hombres;2005;1.169.579
50-54 a�os;Extranjeros;Hombres;2005;73.961
50-54 a�os;Espa�oles;Hombres;2005;1.221.139
45-49 a�os;Extranjeros;Hombres;2005;117.646
45-49 a�os;Espa�oles;Hombres;2005;1.410.781
40-44 a�os;Extranjeros;Hombres;2005;174.966
40-44 a�os;Espa�oles;Hombres;2005;1.568.030
35-39 a�os;Extranjeros;Hombres;2005;246.154
35-39 a�os;Espa�oles;Hombres;2005;1.639.561
30-34 a�os;Extranjeros;Hombres;2005;309.363
30-34 a�os;Espa�oles;Hombres;2005;1.684.474
25-29 a�os;Extranjeros;Hombres;2005;318.440
25-29 a�os;Espa�oles;Hombres;2005;1.668.400
20-24 a�os;Extranjeros;Hombres;2005;193.038
20-24 a�os;Espa�oles;Hombres;2005;1.360.938
15-19 a�os;Extranjeros;Hombres;2005;99.399
15-19 a�os;Espa�oles;Hombres;2005;1.118.800
10-14 a�os;Extranjeros;Hombres;2005;92.173
10-14 a�os;Espa�oles;Hombres;2005;1.016.677
100 a�os y m�s;Extranjeros;Hombres;2005;118
100 a�os y m�s;Espa�oles;Hombres;2005;2.048
0-4 a�os;Extranjeros;Hombres;2005;86.434
0-4 a�os;Espa�oles;Hombres;2005;992.860
95-99 a�os;Extranjeros;Mujeres;2005;419
95-99 a�os;Espa�oles;Mujeres;2005;40.257
90-94 a�os;Extranjeros;Mujeres;2005;1.798
90-94 a�os;Espa�oles;Mujeres;2005;161.845
85-89 a�os;Extranjeros;Mujeres;2005;3.820
85-89 a�os;Espa�oles;Mujeres;2005;356.650
80-84 a�os;Extranjeros;Mujeres;2005;9.081
80-84 a�os;Espa�oles;Mujeres;2005;666.650
75-79 a�os;Extranjeros;Mujeres;2005;14.862
75-79 a�os;Espa�oles;Mujeres;2005;896.911
70-74 a�os;Extranjeros;Mujeres;2005;23.304
70-74 a�os;Espa�oles;Mujeres;2005;1.061.589
65-69 a�os;Extranjeros;Mujeres;2005;36.413
65-69 a�os;Espa�oles;Mujeres;2005;960.906
60-64 a�os;Extranjeros;Mujeres;2005;48.694
60-64 a�os;Espa�oles;Mujeres;2005;1.059.490
5-9 a�os;Extranjeros;Mujeres;2005;88.499
5-9 a�os;Espa�oles;Mujeres;2005;891.415
55-59 a�os;Extranjeros;Mujeres;2005;59.229
55-59 a�os;Espa�oles;Mujeres;2005;1.210.138
50-54 a�os;Extranjeros;Mujeres;2005;75.571
50-54 a�os;Espa�oles;Mujeres;2005;1.231.140
45-49 a�os;Extranjeros;Mujeres;2005;103.749
45-49 a�os;Espa�oles;Mujeres;2005;1.414.383
40-44 a�os;Extranjeros;Mujeres;2005;143.571
40-44 a�os;Espa�oles;Mujeres;2005;1.556.516
35-39 a�os;Extranjeros;Mujeres;2005;188.775
35-39 a�os;Espa�oles;Mujeres;2005;1.607.884
30-34 a�os;Extranjeros;Mujeres;2005;235.200
30-34 a�os;Espa�oles;Mujeres;2005;1.621.800
25-29 a�os;Extranjeros;Mujeres;2005;263.137
25-29 a�os;Espa�oles;Mujeres;2005;1.592.387
20-24 a�os;Extranjeros;Mujeres;2005;182.322
20-24 a�os;Espa�oles;Mujeres;2005;1.295.335
15-19 a�os;Extranjeros;Mujeres;2005;91.905
15-19 a�os;Espa�oles;Mujeres;2005;1.061.319
10-14 a�os;Extranjeros;Mujeres;2005;86.549
10-14 a�os;Espa�oles;Mujeres;2005;962.085
100 a�os y m�s;Extranjeros;Mujeres;2005;160
100 a�os y m�s;Espa�oles;Mujeres;2005;6.615
0-4 a�os;Extranjeros;Mujeres;2005;81.518
0-4 a�os;Espa�oles;Mujeres;2005;933.770
95-99 a�os;Extranjeros;Hombres;2004;197
95-99 a�os;Espa�oles;Hombres;2004;12.002
90-94 a�os;Extranjeros;Hombres;2004;965
90-94 a�os;Espa�oles;Hombres;2004;59.413
85-89 a�os;Extranjeros;Hombres;2004;2.475
85-89 a�os;Espa�oles;Hombres;2004;159.693
80-84 a�os;Extranjeros;Hombres;2004;6.749
80-84 a�os;Espa�oles;Hombres;2004;378.862
75-79 a�os;Extranjeros;Hombres;2004;12.362
75-79 a�os;Espa�oles;Hombres;2004;632.269
70-74 a�os;Extranjeros;Hombres;2004;20.139
70-74 a�os;Espa�oles;Hombres;2004;862.356
65-69 a�os;Extranjeros;Hombres;2004;30.693
65-69 a�os;Espa�oles;Hombres;2004;898.766
60-64 a�os;Extranjeros;Hombres;2004;36.794
60-64 a�os;Espa�oles;Hombres;2004;922.550
5-9 a�os;Extranjeros;Hombres;2004;79.383
5-9 a�os;Espa�oles;Hombres;2004;934.207
55-59 a�os;Extranjeros;Hombres;2004;41.924
55-59 a�os;Espa�oles;Hombres;2004;1.152.960
50-54 a�os;Extranjeros;Hombres;2004;57.431
50-54 a�os;Espa�oles;Hombres;2004;1.214.500
45-49 a�os;Extranjeros;Hombres;2004;92.132
45-49 a�os;Espa�oles;Hombres;2004;1.361.443
40-44 a�os;Extranjeros;Hombres;2004;137.621
40-44 a�os;Espa�oles;Hombres;2004;1.532.407
35-39 a�os;Extranjeros;Hombres;2004;195.618
35-39 a�os;Espa�oles;Hombres;2004;1.640.106
30-34 a�os;Extranjeros;Hombres;2004;246.198
30-34 a�os;Espa�oles;Hombres;2004;1.663.685
25-29 a�os;Extranjeros;Hombres;2004;254.702
25-29 a�os;Espa�oles;Hombres;2004;1.696.967
20-24 a�os;Extranjeros;Hombres;2004;161.772
20-24 a�os;Espa�oles;Hombres;2004;1.421.768
15-19 a�os;Extranjeros;Hombres;2004;80.800
15-19 a�os;Espa�oles;Hombres;2004;1.149.169
10-14 a�os;Extranjeros;Hombres;2004;77.397
10-14 a�os;Espa�oles;Hombres;2004;1.037.147
100 a�os y m�s;Extranjeros;Hombres;2004;158
100 a�os y m�s;Espa�oles;Hombres;2004;2.412
0-4 a�os;Extranjeros;Hombres;2004;70.213
0-4 a�os;Espa�oles;Hombres;2004;946.842
95-99 a�os;Extranjeros;Mujeres;2004;368
95-99 a�os;Espa�oles;Mujeres;2004;37.318
90-94 a�os;Extranjeros;Mujeres;2004;1.450
90-94 a�os;Espa�oles;Mujeres;2004;155.025
85-89 a�os;Extranjeros;Mujeres;2004;3.367
85-89 a�os;Espa�oles;Mujeres;2004;351.554
80-84 a�os;Extranjeros;Mujeres;2004;7.673
80-84 a�os;Espa�oles;Mujeres;2004;633.301
75-79 a�os;Extranjeros;Mujeres;2004;12.741
75-79 a�os;Espa�oles;Mujeres;2004;880.847
70-74 a�os;Extranjeros;Mujeres;2004;19.323
70-74 a�os;Espa�oles;Mujeres;2004;1.055.625
65-69 a�os;Extranjeros;Mujeres;2004;29.198
65-69 a�os;Espa�oles;Mujeres;2004;1.027.118
60-64 a�os;Extranjeros;Mujeres;2004;39.349
60-64 a�os;Espa�oles;Mujeres;2004;984.693
5-9 a�os;Extranjeros;Mujeres;2004;74.914
5-9 a�os;Espa�oles;Mujeres;2004;886.619
55-59 a�os;Extranjeros;Mujeres;2004;47.281
55-59 a�os;Espa�oles;Mujeres;2004;1.194.464
50-54 a�os;Extranjeros;Mujeres;2004;59.943
50-54 a�os;Espa�oles;Mujeres;2004;1.224.210
45-49 a�os;Extranjeros;Mujeres;2004;83.297
45-49 a�os;Espa�oles;Mujeres;2004;1.367.108
40-44 a�os;Extranjeros;Mujeres;2004;116.331
40-44 a�os;Espa�oles;Mujeres;2004;1.523.445
35-39 a�os;Extranjeros;Mujeres;2004;154.791
35-39 a�os;Espa�oles;Mujeres;2004;1.612.771
30-34 a�os;Extranjeros;Mujeres;2004;192.294
30-34 a�os;Espa�oles;Mujeres;2004;1.605.055
25-29 a�os;Extranjeros;Mujeres;2004;214.984
25-29 a�os;Espa�oles;Mujeres;2004;1.620.683
20-24 a�os;Extranjeros;Mujeres;2004;155.863
20-24 a�os;Espa�oles;Mujeres;2004;1.354.479
15-19 a�os;Extranjeros;Mujeres;2004;76.233
15-19 a�os;Espa�oles;Mujeres;2004;1.090.144
10-14 a�os;Extranjeros;Mujeres;2004;73.030
10-14 a�os;Espa�oles;Mujeres;2004;981.585
100 a�os y m�s;Extranjeros;Mujeres;2004;153
100 a�os y m�s;Espa�oles;Mujeres;2004;6.437
0-4 a�os;Extranjeros;Mujeres;2004;66.020
0-4 a�os;Espa�oles;Mujeres;2004;891.353
95-99 a�os;Extranjeros;Hombres;2003;342
95-99 a�os;Espa�oles;Hombres;2003;11.347
90-94 a�os;Extranjeros;Hombres;2003;1.312
90-94 a�os;Espa�oles;Hombres;2003;57.947
85-89 a�os;Extranjeros;Hombres;2003;3.272
85-89 a�os;Espa�oles;Hombres;2003;157.861
80-84 a�os;Extranjeros;Hombres;2003;7.862
80-84 a�os;Espa�oles;Hombres;2003;354.188
75-79 a�os;Extranjeros;Hombres;2003;13.821
75-79 a�os;Espa�oles;Hombres;2003;615.643
70-74 a�os;Extranjeros;Hombres;2003;21.287
70-74 a�os;Espa�oles;Hombres;2003;847.180
65-69 a�os;Extranjeros;Hombres;2003;29.239
65-69 a�os;Espa�oles;Hombres;2003;946.232
60-64 a�os;Extranjeros;Hombres;2003;35.531
60-64 a�os;Espa�oles;Hombres;2003;872.005
5-9 a�os;Extranjeros;Hombres;2003;65.578
5-9 a�os;Espa�oles;Hombres;2003;943.311
55-59 a�os;Extranjeros;Hombres;2003;38.927
55-59 a�os;Espa�oles;Hombres;2003;1.123.165
50-54 a�os;Extranjeros;Hombres;2003;51.560
50-54 a�os;Espa�oles;Hombres;2003;1.218.469
45-49 a�os;Extranjeros;Hombres;2003;79.868
45-49 a�os;Espa�oles;Hombres;2003;1.321.858
40-44 a�os;Extranjeros;Hombres;2003;120.826
40-44 a�os;Espa�oles;Hombres;2003;1.506.977
35-39 a�os;Extranjeros;Hombres;2003;171.062
35-39 a�os;Espa�oles;Hombres;2003;1.629.919
30-34 a�os;Extranjeros;Hombres;2003;216.535
30-34 a�os;Espa�oles;Hombres;2003;1.649.562
25-29 a�os;Extranjeros;Hombres;2003;219.510
25-29 a�os;Espa�oles;Hombres;2003;1.706.537
20-24 a�os;Extranjeros;Hombres;2003;147.452
20-24 a�os;Espa�oles;Hombres;2003;1.494.592
15-19 a�os;Extranjeros;Hombres;2003;68.479
15-19 a�os;Espa�oles;Hombres;2003;1.185.936
10-14 a�os;Extranjeros;Hombres;2003;64.666
10-14 a�os;Espa�oles;Hombres;2003;1.051.980
100 a�os y m�s;Extranjeros;Hombres;2003;242
100 a�os y m�s;Espa�oles;Hombres;2003;2.498
0-4 a�os;Extranjeros;Hombres;2003;57.379
0-4 a�os;Espa�oles;Hombres;2003;922.369
95-99 a�os;Extranjeros;Mujeres;2003;529
95-99 a�os;Espa�oles;Mujeres;2003;35.568
90-94 a�os;Extranjeros;Mujeres;2003;1.868
90-94 a�os;Espa�oles;Mujeres;2003;149.994
85-89 a�os;Extranjeros;Mujeres;2003;4.219
85-89 a�os;Espa�oles;Mujeres;2003;345.391
80-84 a�os;Extranjeros;Mujeres;2003;8.772
80-84 a�os;Espa�oles;Mujeres;2003;607.198
75-79 a�os;Extranjeros;Mujeres;2003;14.164
75-79 a�os;Espa�oles;Mujeres;2003;859.826
70-74 a�os;Extranjeros;Mujeres;2003;20.392
70-74 a�os;Espa�oles;Mujeres;2003;1.043.060
65-69 a�os;Extranjeros;Mujeres;2003;28.050
65-69 a�os;Espa�oles;Mujeres;2003;1.080.882
60-64 a�os;Extranjeros;Mujeres;2003;36.609
60-64 a�os;Espa�oles;Mujeres;2003;935.829
5-9 a�os;Extranjeros;Mujeres;2003;62.137
5-9 a�os;Espa�oles;Mujeres;2003;896.840
55-59 a�os;Extranjeros;Mujeres;2003;42.945
55-59 a�os;Espa�oles;Mujeres;2003;1.163.878
50-54 a�os;Extranjeros;Mujeres;2003;53.492
50-54 a�os;Espa�oles;Mujeres;2003;1.230.313
45-49 a�os;Extranjeros;Mujeres;2003;72.984
45-49 a�os;Espa�oles;Mujeres;2003;1.326.533
40-44 a�os;Extranjeros;Mujeres;2003;101.981
40-44 a�os;Espa�oles;Mujeres;2003;1.501.655
35-39 a�os;Extranjeros;Mujeres;2003;137.060
35-39 a�os;Espa�oles;Mujeres;2003;1.605.002
30-34 a�os;Extranjeros;Mujeres;2003;167.902
30-34 a�os;Espa�oles;Mujeres;2003;1.597.765
25-29 a�os;Extranjeros;Mujeres;2003;181.202
25-29 a�os;Espa�oles;Mujeres;2003;1.632.523
20-24 a�os;Extranjeros;Mujeres;2003;136.481
20-24 a�os;Espa�oles;Mujeres;2003;1.424.069
15-19 a�os;Extranjeros;Mujeres;2003;63.597
15-19 a�os;Espa�oles;Mujeres;2003;1.126.375
10-14 a�os;Extranjeros;Mujeres;2003;60.891
10-14 a�os;Espa�oles;Mujeres;2003;996.217
100 a�os y m�s;Extranjeros;Mujeres;2003;219
100 a�os y m�s;Espa�oles;Mujeres;2003;6.215
0-4 a�os;Extranjeros;Mujeres;2003;53.924
0-4 a�os;Espa�oles;Mujeres;2003;868.187
95-99 a�os;Extranjeros;Hombres;2002;286
95-99 a�os;Espa�oles;Hombres;2002;10.891
90-94 a�os;Extranjeros;Hombres;2002;1.101
90-94 a�os;Espa�oles;Hombres;2002;56.206
85-89 a�os;Extranjeros;Hombres;2002;3.120
85-89 a�os;Espa�oles;Hombres;2002;157.335
80-84 a�os;Extranjeros;Hombres;2002;6.760
80-84 a�os;Espa�oles;Hombres;2002;329.493
75-79 a�os;Extranjeros;Hombres;2002;12.222
75-79 a�os;Espa�oles;Hombres;2002;604.866
70-74 a�os;Extranjeros;Hombres;2002;18.105
70-74 a�os;Espa�oles;Hombres;2002;824.608
65-69 a�os;Extranjeros;Hombres;2002;23.350
65-69 a�os;Espa�oles;Hombres;2002;970.367
60-64 a�os;Extranjeros;Hombres;2002;28.165
60-64 a�os;Espa�oles;Hombres;2002;871.456
5-9 a�os;Extranjeros;Hombres;2002;45.826
5-9 a�os;Espa�oles;Hombres;2002;958.245
55-59 a�os;Extranjeros;Hombres;2002;30.049
55-59 a�os;Espa�oles;Hombres;2002;1.084.080
50-54 a�os;Extranjeros;Hombres;2002;39.024
50-54 a�os;Espa�oles;Hombres;2002;1.197.710
45-49 a�os;Extranjeros;Hombres;2002;59.350
45-49 a�os;Espa�oles;Hombres;2002;1.287.047
40-44 a�os;Extranjeros;Hombres;2002;88.956
40-44 a�os;Espa�oles;Hombres;2002;1.483.594
35-39 a�os;Extranjeros;Hombres;2002;128.064
35-39 a�os;Espa�oles;Hombres;2002;1.601.574
30-34 a�os;Extranjeros;Hombres;2002;158.963
30-34 a�os;Espa�oles;Hombres;2002;1.638.062
25-29 a�os;Extranjeros;Hombres;2002;155.772
25-29 a�os;Espa�oles;Hombres;2002;1.705.175
20-24 a�os;Extranjeros;Hombres;2002;109.091
20-24 a�os;Espa�oles;Hombres;2002;1.558.001
15-19 a�os;Extranjeros;Hombres;2002;51.727
15-19 a�os;Espa�oles;Hombres;2002;1.232.170
10-14 a�os;Extranjeros;Hombres;2002;47.455
10-14 a�os;Espa�oles;Hombres;2002;1.060.765
100 a�os y m�s;Extranjeros;Hombres;2002;226
100 a�os y m�s;Espa�oles;Hombres;2002;2.477
0-4 a�os;Extranjeros;Hombres;2002;40.566
0-4 a�os;Espa�oles;Hombres;2002;881.791
95-99 a�os;Extranjeros;Mujeres;2002;458
95-99 a�os;Espa�oles;Mujeres;2002;34.497
90-94 a�os;Extranjeros;Mujeres;2002;1.584
90-94 a�os;Espa�oles;Mujeres;2002;144.288
85-89 a�os;Extranjeros;Mujeres;2002;3.860
85-89 a�os;Espa�oles;Mujeres;2002;343.303
80-84 a�os;Extranjeros;Mujeres;2002;7.477
80-84 a�os;Espa�oles;Mujeres;2002;573.662
75-79 a�os;Extranjeros;Mujeres;2002;12.395
75-79 a�os;Espa�oles;Mujeres;2002;852.396
70-74 a�os;Extranjeros;Mujeres;2002;17.138
70-74 a�os;Espa�oles;Mujeres;2002;1.019.371
65-69 a�os;Extranjeros;Mujeres;2002;22.512
65-69 a�os;Espa�oles;Mujeres;2002;1.109.065
60-64 a�os;Extranjeros;Mujeres;2002;28.409
60-64 a�os;Espa�oles;Mujeres;2002;939.976
5-9 a�os;Extranjeros;Mujeres;2002;43.456
5-9 a�os;Espa�oles;Mujeres;2002;910.457
55-59 a�os;Extranjeros;Mujeres;2002;32.337
55-59 a�os;Espa�oles;Mujeres;2002;1.124.975
50-54 a�os;Extranjeros;Mujeres;2002;40.655
50-54 a�os;Espa�oles;Mujeres;2002;1.212.787
45-49 a�os;Extranjeros;Mujeres;2002;54.903
45-49 a�os;Espa�oles;Mujeres;2002;1.289.455
40-44 a�os;Extranjeros;Mujeres;2002;77.047
40-44 a�os;Espa�oles;Mujeres;2002;1.480.963
35-39 a�os;Extranjeros;Mujeres;2002;104.982
35-39 a�os;Espa�oles;Mujeres;2002;1.580.631
30-34 a�os;Extranjeros;Mujeres;2002;125.189
30-34 a�os;Espa�oles;Mujeres;2002;1.592.930
25-29 a�os;Extranjeros;Mujeres;2002;129.118
25-29 a�os;Espa�oles;Mujeres;2002;1.636.259
20-24 a�os;Extranjeros;Mujeres;2002;98.546
20-24 a�os;Espa�oles;Mujeres;2002;1.483.960
15-19 a�os;Extranjeros;Mujeres;2002;47.180
15-19 a�os;Espa�oles;Mujeres;2002;1.171.623
10-14 a�os;Extranjeros;Mujeres;2002;44.029
10-14 a�os;Espa�oles;Mujeres;2002;1.003.909
100 a�os y m�s;Extranjeros;Mujeres;2002;199
100 a�os y m�s;Espa�oles;Mujeres;2002;5.817
0-4 a�os;Extranjeros;Mujeres;2002;38.294
0-4 a�os;Espa�oles;Mujeres;2002;833.713
95-99 a�os;Extranjeros;Hombres;2001;226
95-99 a�os;Espa�oles;Hombres;2001;10.879
90-94 a�os;Extranjeros;Hombres;2001;933
90-94 a�os;Espa�oles;Hombres;2001;55.135
85-89 a�os;Extranjeros;Hombres;2001;2.775
85-89 a�os;Espa�oles;Hombres;2001;158.125
80-84 a�os;Extranjeros;Hombres;2001;5.547
80-84 a�os;Espa�oles;Hombres;2001;307.802
75-79 a�os;Extranjeros;Hombres;2001;10.871
75-79 a�os;Espa�oles;Hombres;2001;588.992
70-74 a�os;Extranjeros;Hombres;2001;15.728
70-74 a�os;Espa�oles;Hombres;2001;812.688
65-69 a�os;Extranjeros;Hombres;2001;19.144
65-69 a�os;Espa�oles;Hombres;2001;970.037
60-64 a�os;Extranjeros;Hombres;2001;23.104
60-64 a�os;Espa�oles;Hombres;2001;905.598
5-9 a�os;Extranjeros;Hombres;2001;29.450
5-9 a�os;Espa�oles;Hombres;2001;979.439
55-59 a�os;Extranjeros;Hombres;2001;23.779
55-59 a�os;Espa�oles;Hombres;2001;1.042.817
50-54 a�os;Extranjeros;Hombres;2001;29.430
50-54 a�os;Espa�oles;Hombres;2001;1.185.179
45-49 a�os;Extranjeros;Hombres;2001;41.132
45-49 a�os;Espa�oles;Hombres;2001;1.255.066
40-44 a�os;Extranjeros;Hombres;2001;61.627
40-44 a�os;Espa�oles;Hombres;2001;1.448.478
35-39 a�os;Extranjeros;Hombres;2001;86.682
35-39 a�os;Espa�oles;Hombres;2001;1.572.479
30-34 a�os;Extranjeros;Hombres;2001;106.534
30-34 a�os;Espa�oles;Hombres;2001;1.625.152
25-29 a�os;Extranjeros;Hombres;2001;96.215
25-29 a�os;Espa�oles;Hombres;2001;1.689.619
20-24 a�os;Extranjeros;Hombres;2001;67.251
20-24 a�os;Espa�oles;Hombres;2001;1.616.065
15-19 a�os;Extranjeros;Hombres;2001;36.685
15-19 a�os;Espa�oles;Hombres;2001;1.287.655
10-14 a�os;Extranjeros;Hombres;2001;33.188
10-14 a�os;Espa�oles;Hombres;2001;1.079.012
100 a�os y m�s;Extranjeros;Hombres;2001;266
100 a�os y m�s;Espa�oles;Hombres;2001;2.547
0-4 a�os;Extranjeros;Hombres;2001;26.269
0-4 a�os;Espa�oles;Hombres;2001;855.913
95-99 a�os;Extranjeros;Mujeres;2001;383
95-99 a�os;Espa�oles;Mujeres;2001;33.640
90-94 a�os;Extranjeros;Mujeres;2001;1.327
90-94 a�os;Espa�oles;Mujeres;2001;141.306
85-89 a�os;Extranjeros;Mujeres;2001;3.416
85-89 a�os;Espa�oles;Mujeres;2001;342.858
80-84 a�os;Extranjeros;Mujeres;2001;6.212
80-84 a�os;Espa�oles;Mujeres;2001;553.710
75-79 a�os;Extranjeros;Mujeres;2001;10.993
75-79 a�os;Espa�oles;Mujeres;2001;829.882
70-74 a�os;Extranjeros;Mujeres;2001;14.921
70-74 a�os;Espa�oles;Mujeres;2001;1.010.045
65-69 a�os;Extranjeros;Mujeres;2001;18.449
65-69 a�os;Espa�oles;Mujeres;2001;1.102.763
60-64 a�os;Extranjeros;Mujeres;2001;22.862
60-64 a�os;Espa�oles;Mujeres;2001;988.147
5-9 a�os;Extranjeros;Mujeres;2001;28.390
5-9 a�os;Espa�oles;Mujeres;2001;927.511
55-59 a�os;Extranjeros;Mujeres;2001;25.457
55-59 a�os;Espa�oles;Mujeres;2001;1.080.122
50-54 a�os;Extranjeros;Mujeres;2001;30.839
50-54 a�os;Espa�oles;Mujeres;2001;1.203.632
45-49 a�os;Extranjeros;Mujeres;2001;39.613
45-49 a�os;Espa�oles;Mujeres;2001;1.257.865
40-44 a�os;Extranjeros;Mujeres;2001;55.308
40-44 a�os;Espa�oles;Mujeres;2001;1.448.115
35-39 a�os;Extranjeros;Mujeres;2001;74.578
35-39 a�os;Espa�oles;Mujeres;2001;1.558.033
30-34 a�os;Extranjeros;Mujeres;2001;86.215
30-34 a�os;Espa�oles;Mujeres;2001;1.587.824
25-29 a�os;Extranjeros;Mujeres;2001;83.948
25-29 a�os;Espa�oles;Mujeres;2001;1.623.977
20-24 a�os;Extranjeros;Mujeres;2001;62.339
20-24 a�os;Espa�oles;Mujeres;2001;1.543.150
15-19 a�os;Extranjeros;Mujeres;2001;33.287
15-19 a�os;Espa�oles;Mujeres;2001;1.223.558
10-14 a�os;Extranjeros;Mujeres;2001;30.388
10-14 a�os;Espa�oles;Mujeres;2001;1.022.823
100 a�os y m�s;Extranjeros;Mujeres;2001;276
100 a�os y m�s;Espa�oles;Mujeres;2001;5.677
0-4 a�os;Extranjeros;Mujeres;2001;24.619
0-4 a�os;Espa�oles;Mujeres;2001;812.872
95-99 a�os;Extranjeros;Hombres;2000;243
95-99 a�os;Espa�oles;Hombres;2000;10.849
90-94 a�os;Extranjeros;Hombres;2000;815
90-94 a�os;Espa�oles;Hombres;2000;51.369
85-89 a�os;Extranjeros;Hombres;2000;2.486
85-89 a�os;Espa�oles;Hombres;2000;153.557
80-84 a�os;Extranjeros;Hombres;2000;4.626
80-84 a�os;Espa�oles;Hombres;2000;290.995
75-79 a�os;Extranjeros;Hombres;2000;10.039
75-79 a�os;Espa�oles;Hombres;2000;565.457
70-74 a�os;Extranjeros;Hombres;2000;14.129
70-74 a�os;Espa�oles;Hombres;2000;787.852
65-69 a�os;Extranjeros;Hombres;2000;17.057
65-69 a�os;Espa�oles;Hombres;2000;971.600
60-64 a�os;Extranjeros;Hombres;2000;19.370
60-64 a�os;Espa�oles;Hombres;2000;891.260
5-9 a�os;Extranjeros;Hombres;2000;21.213
5-9 a�os;Espa�oles;Hombres;2000;997.614
55-59 a�os;Extranjeros;Hombres;2000;20.534
55-59 a�os;Espa�oles;Hombres;2000;1.028.824
50-54 a�os;Extranjeros;Hombres;2000;22.575
50-54 a�os;Espa�oles;Hombres;2000;1.187.783
45-49 a�os;Extranjeros;Hombres;2000;29.664
45-49 a�os;Espa�oles;Hombres;2000;1.224.747
40-44 a�os;Extranjeros;Hombres;2000;40.660
40-44 a�os;Espa�oles;Hombres;2000;1.400.882
35-39 a�os;Extranjeros;Hombres;2000;55.739
35-39 a�os;Espa�oles;Hombres;2000;1.546.761
30-34 a�os;Extranjeros;Hombres;2000;63.581
30-34 a�os;Espa�oles;Hombres;2000;1.614.644
25-29 a�os;Extranjeros;Hombres;2000;48.344
25-29 a�os;Espa�oles;Hombres;2000;1.668.856
20-24 a�os;Extranjeros;Hombres;2000;31.018
20-24 a�os;Espa�oles;Hombres;2000;1.659.828
15-19 a�os;Extranjeros;Hombres;2000;26.438
15-19 a�os;Espa�oles;Hombres;2000;1.348.816
10-14 a�os;Extranjeros;Hombres;2000;25.292
10-14 a�os;Espa�oles;Hombres;2000;1.103.578
100 a�os y m�s;Extranjeros;Hombres;2000;200
100 a�os y m�s;Espa�oles;Hombres;2000;1.481
0-4 a�os;Extranjeros;Hombres;2000;17.443
0-4 a�os;Espa�oles;Hombres;2000;843.164
95-99 a�os;Extranjeros;Mujeres;2000;410
95-99 a�os;Espa�oles;Mujeres;2000;31.117
90-94 a�os;Extranjeros;Mujeres;2000;1.199
90-94 a�os;Espa�oles;Mujeres;2000;130.369
85-89 a�os;Extranjeros;Mujeres;2000;3.158
85-89 a�os;Espa�oles;Mujeres;2000;333.137
80-84 a�os;Extranjeros;Mujeres;2000;5.452
80-84 a�os;Espa�oles;Mujeres;2000;529.693
75-79 a�os;Extranjeros;Mujeres;2000;10.324
75-79 a�os;Espa�oles;Mujeres;2000;807.605
70-74 a�os;Extranjeros;Mujeres;2000;13.386
70-74 a�os;Espa�oles;Mujeres;2000;984.349
65-69 a�os;Extranjeros;Mujeres;2000;16.519
65-69 a�os;Espa�oles;Mujeres;2000;1.109.193
60-64 a�os;Extranjeros;Mujeres;2000;19.009
60-64 a�os;Espa�oles;Mujeres;2000;979.886
5-9 a�os;Extranjeros;Mujeres;2000;20.253
5-9 a�os;Espa�oles;Mujeres;2000;944.941
55-59 a�os;Extranjeros;Mujeres;2000;21.562
55-59 a�os;Espa�oles;Mujeres;2000;1.066.830
50-54 a�os;Extranjeros;Mujeres;2000;23.931
50-54 a�os;Espa�oles;Mujeres;2000;1.212.443
45-49 a�os;Extranjeros;Mujeres;2000;29.361
45-49 a�os;Espa�oles;Mujeres;2000;1.228.104
40-44 a�os;Extranjeros;Mujeres;2000;38.585
40-44 a�os;Espa�oles;Mujeres;2000;1.404.823
35-39 a�os;Extranjeros;Mujeres;2000;50.515
35-39 a�os;Espa�oles;Mujeres;2000;1.539.109
30-34 a�os;Extranjeros;Mujeres;2000;55.492
30-34 a�os;Espa�oles;Mujeres;2000;1.587.290
25-29 a�os;Extranjeros;Mujeres;2000;47.465
25-29 a�os;Espa�oles;Mujeres;2000;1.611.117
20-24 a�os;Extranjeros;Mujeres;2000;32.463
20-24 a�os;Espa�oles;Mujeres;2000;1.587.426
15-19 a�os;Extranjeros;Mujeres;2000;23.874
15-19 a�os;Espa�oles;Mujeres;2000;1.283.764
10-14 a�os;Extranjeros;Mujeres;2000;22.923
10-14 a�os;Espa�oles;Mujeres;2000;1.046.868
100 a�os y m�s;Extranjeros;Mujeres;2000;239
100 a�os y m�s;Espa�oles;Mujeres;2000;3.839
0-4 a�os;Extranjeros;Mujeres;2000;16.293
0-4 a�os;Espa�oles;Mujeres;2000;804.089
95-99 a�os;Extranjeros;Hombres;1999;276
95-99 a�os;Espa�oles;Hombres;1999;10.090
90-94 a�os;Extranjeros;Hombres;1999;661
90-94 a�os;Espa�oles;Hombres;1999;48.101
85-89 a�os;Extranjeros;Hombres;1999;2.117
85-89 a�os;Espa�oles;Hombres;1999;150.325
80-84 a�os;Extranjeros;Hombres;1999;4.162
80-84 a�os;Espa�oles;Hombres;1999;288.038
75-79 a�os;Extranjeros;Hombres;1999;8.886
75-79 a�os;Espa�oles;Hombres;1999;537.402
70-74 a�os;Extranjeros;Hombres;1999;12.544
70-74 a�os;Espa�oles;Hombres;1999;778.034
65-69 a�os;Extranjeros;Hombres;1999;15.005
65-69 a�os;Espa�oles;Hombres;1999;972.565
60-64 a�os;Extranjeros;Hombres;1999;16.176
60-64 a�os;Espa�oles;Hombres;1999;961.400
5-9 a�os;Extranjeros;Hombres;1999;16.706
5-9 a�os;Espa�oles;Hombres;1999;1.014.926
55-59 a�os;Extranjeros;Hombres;1999;17.573
55-59 a�os;Espa�oles;Hombres;1999;957.913
50-54 a�os;Extranjeros;Hombres;1999;19.100
50-54 a�os;Espa�oles;Hombres;1999;1.175.351
45-49 a�os;Extranjeros;Hombres;1999;24.186
45-49 a�os;Espa�oles;Hombres;1999;1.218.653
40-44 a�os;Extranjeros;Hombres;1999;32.782
40-44 a�os;Espa�oles;Hombres;1999;1.348.823
35-39 a�os;Extranjeros;Hombres;1999;43.718
35-39 a�os;Espa�oles;Hombres;1999;1.501.532
30-34 a�os;Extranjeros;Hombres;1999;50.523
30-34 a�os;Espa�oles;Hombres;1999;1.594.960
25-29 a�os;Extranjeros;Hombres;1999;37.102
25-29 a�os;Espa�oles;Hombres;1999;1.634.428
20-24 a�os;Extranjeros;Hombres;1999;22.285
20-24 a�os;Espa�oles;Hombres;1999;1.693.457
15-19 a�os;Extranjeros;Hombres;1999;21.240
15-19 a�os;Espa�oles;Hombres;1999;1.417.922
10-14 a�os;Extranjeros;Hombres;1999;20.396
10-14 a�os;Espa�oles;Hombres;1999;1.134.614
100 a�os y m�s;Extranjeros;Hombres;1999;138
100 a�os y m�s;Espa�oles;Hombres;1999;1.108
0-4 a�os;Extranjeros;Hombres;1999;13.758
0-4 a�os;Espa�oles;Hombres;1999;851.664
95-99 a�os;Extranjeros;Mujeres;1999;363
95-99 a�os;Espa�oles;Mujeres;1999;28.340
90-94 a�os;Extranjeros;Mujeres;1999;1.006
90-94 a�os;Espa�oles;Mujeres;1999;121.882
85-89 a�os;Extranjeros;Mujeres;1999;2.771
85-89 a�os;Espa�oles;Mujeres;1999;321.522
80-84 a�os;Extranjeros;Mujeres;1999;4.798
80-84 a�os;Espa�oles;Mujeres;1999;526.767
75-79 a�os;Extranjeros;Mujeres;1999;9.121
75-79 a�os;Espa�oles;Mujeres;1999;775.181
70-74 a�os;Extranjeros;Mujeres;1999;11.981
70-74 a�os;Espa�oles;Mujeres;1999;976.276
65-69 a�os;Extranjeros;Mujeres;1999;14.565
65-69 a�os;Espa�oles;Mujeres;1999;1.112.102
60-64 a�os;Extranjeros;Mujeres;1999;15.993
60-64 a�os;Espa�oles;Mujeres;1999;1.054.392
5-9 a�os;Extranjeros;Mujeres;1999;15.722
5-9 a�os;Espa�oles;Mujeres;1999;960.266
55-59 a�os;Extranjeros;Mujeres;1999;18.235
55-59 a�os;Espa�oles;Mujeres;1999;998.112
50-54 a�os;Extranjeros;Mujeres;1999;20.498
50-54 a�os;Espa�oles;Mujeres;1999;1.202.571
45-49 a�os;Extranjeros;Mujeres;1999;24.696
45-49 a�os;Espa�oles;Mujeres;1999;1.225.348
40-44 a�os;Extranjeros;Mujeres;1999;31.864
40-44 a�os;Espa�oles;Mujeres;1999;1.358.645
35-39 a�os;Extranjeros;Mujeres;1999;41.065
35-39 a�os;Espa�oles;Mujeres;1999;1.499.663
30-34 a�os;Extranjeros;Mujeres;1999;45.150
30-34 a�os;Espa�oles;Mujeres;1999;1.574.217
25-29 a�os;Extranjeros;Mujeres;1999;36.653
25-29 a�os;Espa�oles;Mujeres;1999;1.575.900
20-24 a�os;Extranjeros;Mujeres;1999;24.453
20-24 a�os;Espa�oles;Mujeres;1999;1.614.681
15-19 a�os;Extranjeros;Mujeres;1999;19.363
15-19 a�os;Espa�oles;Mujeres;1999;1.347.270
10-14 a�os;Extranjeros;Mujeres;1999;18.358
10-14 a�os;Espa�oles;Mujeres;1999;1.074.781
100 a�os y m�s;Extranjeros;Mujeres;1999;189
100 a�os y m�s;Espa�oles;Mujeres;1999;3.245
0-4 a�os;Extranjeros;Mujeres;1999;12.776
0-4 a�os;Espa�oles;Mujeres;1999;810.737
95-99 a�os;Extranjeros;Hombres;1998;216
95-99 a�os;Espa�oles;Hombres;1998;9.398
90-94 a�os;Extranjeros;Hombres;1998;542
90-94 a�os;Espa�oles;Hombres;1998;44.602
85-89 a�os;Extranjeros;Hombres;1998;1.763
85-89 a�os;Espa�oles;Hombres;1998;145.321
80-84 a�os;Extranjeros;Hombres;1998;3.757
80-84 a�os;Espa�oles;Hombres;1998;281.513
75-79 a�os;Extranjeros;Hombres;1998;7.350
75-79 a�os;Espa�oles;Hombres;1998;500.178
70-74 a�os;Extranjeros;Hombres;1998;10.953
70-74 a�os;Espa�oles;Hombres;1998;752.813
65-69 a�os;Extranjeros;Hombres;1998;13.255
65-69 a�os;Espa�oles;Hombres;1998;949.679
60-64 a�os;Extranjeros;Hombres;1998;13.504
60-64 a�os;Espa�oles;Hombres;1998;1.004.483
5-9 a�os;Extranjeros;Hombres;1998;13.879
5-9 a�os;Espa�oles;Hombres;1998;1.036.893
55-59 a�os;Extranjeros;Hombres;1998;15.060
55-59 a�os;Espa�oles;Hombres;1998;898.740
50-54 a�os;Extranjeros;Hombres;1998;16.161
50-54 a�os;Espa�oles;Hombres;1998;1.136.896
45-49 a�os;Extranjeros;Hombres;1998;20.388
45-49 a�os;Espa�oles;Hombres;1998;1.216.839
40-44 a�os;Extranjeros;Hombres;1998;27.196
40-44 a�os;Espa�oles;Hombres;1998;1.306.092
35-39 a�os;Extranjeros;Hombres;1998;36.305
35-39 a�os;Espa�oles;Hombres;1998;1.476.114
30-34 a�os;Extranjeros;Hombres;1998;43.665
30-34 a�os;Espa�oles;Hombres;1998;1.589.465
25-29 a�os;Extranjeros;Hombres;1998;33.690
25-29 a�os;Espa�oles;Hombres;1998;1.618.009
20-24 a�os;Extranjeros;Hombres;1998;19.073
20-24 a�os;Espa�oles;Hombres;1998;1.692.785
15-19 a�os;Extranjeros;Hombres;1998;17.589
15-19 a�os;Espa�oles;Hombres;1998;1.485.491
10-14 a�os;Extranjeros;Hombres;1998;16.579
10-14 a�os;Espa�oles;Hombres;1998;1.156.272
100 a�os y m�s;Extranjeros;Hombres;1998;24
100 a�os y m�s;Espa�oles;Hombres;1998;759
0-4 a�os;Extranjeros;Hombres;1998;11.312
0-4 a�os;Espa�oles;Hombres;1998;863.863
95-99 a�os;Extranjeros;Mujeres;1998;251
95-99 a�os;Espa�oles;Mujeres;1998;25.724
90-94 a�os;Extranjeros;Mujeres;1998;845
90-94 a�os;Espa�oles;Mujeres;1998;114.732
85-89 a�os;Extranjeros;Mujeres;1998;2.261
85-89 a�os;Espa�oles;Mujeres;1998;308.220
80-84 a�os;Extranjeros;Mujeres;1998;4.225
80-84 a�os;Espa�oles;Mujeres;1998;512.437
75-79 a�os;Extranjeros;Mujeres;1998;7.551
75-79 a�os;Espa�oles;Mujeres;1998;739.123
70-74 a�os;Extranjeros;Mujeres;1998;10.554
70-74 a�os;Espa�oles;Mujeres;1998;945.984
65-69 a�os;Extranjeros;Mujeres;1998;12.748
65-69 a�os;Espa�oles;Mujeres;1998;1.091.975
60-64 a�os;Extranjeros;Mujeres;1998;13.649
60-64 a�os;Espa�oles;Mujeres;1998;1.101.089
5-9 a�os;Extranjeros;Mujeres;1998;13.351
5-9 a�os;Espa�oles;Mujeres;1998;983.552
55-59 a�os;Extranjeros;Mujeres;1998;15.278
55-59 a�os;Espa�oles;Mujeres;1998;941.825
50-54 a�os;Extranjeros;Mujeres;1998;17.361
50-54 a�os;Espa�oles;Mujeres;1998;1.163.232
45-49 a�os;Extranjeros;Mujeres;1998;21.134
45-49 a�os;Espa�oles;Mujeres;1998;1.224.754
40-44 a�os;Extranjeros;Mujeres;1998;26.730
40-44 a�os;Espa�oles;Mujeres;1998;1.314.008
35-39 a�os;Extranjeros;Mujeres;1998;34.631
35-39 a�os;Espa�oles;Mujeres;1998;1.477.654
30-34 a�os;Extranjeros;Mujeres;1998;39.046
30-34 a�os;Espa�oles;Mujeres;1998;1.573.056
25-29 a�os;Extranjeros;Mujeres;1998;32.195
25-29 a�os;Espa�oles;Mujeres;1998;1.571.968
20-24 a�os;Extranjeros;Mujeres;1998;20.906
20-24 a�os;Espa�oles;Mujeres;1998;1.620.962
15-19 a�os;Extranjeros;Mujeres;1998;16.285
15-19 a�os;Espa�oles;Mujeres;1998;1.413.316
10-14 a�os;Extranjeros;Mujeres;1998;14.988
10-14 a�os;Espa�oles;Mujeres;1998;1.099.059
100 a�os y m�s;Extranjeros;Mujeres;1998;46
100 a�os y m�s;Espa�oles;Mujeres;1998;2.645
0-4 a�os;Extranjeros;Mujeres;1998;10.789
0-4 a�os;Espa�oles;Mujeres;1998;824.047
